coefficient,dataset,method,accuracy,perplexity,steer.top_k
1.0,Refusal_open,Baseline,84.0,1.43,
2.0,Refusal_open,Baseline,84.0,1.43,
3.0,Refusal_open,Baseline,84.0,1.43,
1.0,Refusal_open_2,Baseline,84.0,1.43,
2.0,Refusal_open_2,Baseline,84.0,1.43,
3.0,Refusal_open_2,Baseline,84.0,1.43,
1.0,SorryBench,Baseline,90.0,1.51,
2.0,SorryBench,Baseline,90.0,1.51,
3.0,SorryBench,Baseline,90.0,1.51,
1.0,XSTest,Baseline,82.0,1.48,
2.0,XSTest,Baseline,82.0,1.48,
3.0,XSTest,Baseline,82.0,1.48,
0.3,Refusal_open,CAA,86.00,1.38,15
0.5,Refusal_open,CAA,86.00,1.40,15
0.7,Refusal_open,CAA,86.00,1.43,15
1.0,Refusal_open,CAA,86.00,1.48,15
1.3,Refusal_open,CAA,84.00,1.53,15
1.5,Refusal_open,CAA,86.00,1.58,15
1.7,Refusal_open,CAA,88.0,1.83,15
2.0,Refusal_open,CAA,88.0,2.07,15
3.0,Refusal_open,CAA,94.0,3.13,15
0.3,Refusal_open_2,CAA,88.0,1.47,15
0.5,Refusal_open_2,CAA,88.0,1.51,15
0.7,Refusal_open_2,CAA,90.0,1.57,15
1.0,Refusal_open_2,CAA,92.0,1.74,15
1.3,Refusal_open_2,CAA,92.0,2.15,15
1.5,Refusal_open_2,CAA,96.0,2.56,15
1.7,Refusal_open_2,CAA,98.0,3.08,15
2.0,Refusal_open_2,CAA,98.0,3.69,15
3.0,Refusal_open_2,CAA,46.0,2.77,15
0.3,SorryBench,CAA,90.23,1.52,15
0.5,SorryBench,CAA,90.45,1.53,15
0.7,SorryBench,CAA,90.45,1.56,15
1.0,SorryBench,CAA,90.9,1.64,15
1.3,SorryBench,CAA,90.91,1.77,15
1.5,SorryBench,CAA,91.36,1.86,15
1.7,SorryBench,CAA,91.14,1.97,15
2.0,SorryBench,CAA,91.0,2.19,15
3.0,SorryBench,CAA,92.0,3.32,15
0.3,SorryBench_2,CAA,90.68,1.52,15
0.5,SorryBench_2,CAA,92.05,1.57,15
0.7,SorryBench_2,CAA,92.95,1.62,15
1.0,SorryBench_2,CAA,93.64,1.79,15
1.3,SorryBench_2,CAA,95.68,2.1,15
1.5,SorryBench_2,CAA,96.14,2.38,15
1.7,SorryBench_2,CAA,97.5,2.81,15
2.0,SorryBench_2,CAA,98.64,3.59,15
1.0,XSTest,CAA,81.0,1.62,15
2.0,XSTest,CAA,75.0,2.13,15
3.0,XSTest,CAA,51.0,3.41,15
0.3,gms8k,CAA,60.67,1.10,15
0.5,gms8k,CAA,60.00,1.13,15
0.7,gms8k,CAA,54.00,1.13,15
1.0,gms8k,CAA,55.67,1.19,15
1.3,gms8k,CAA,52.00,1.25,15
1.5,gms8k,CAA,47.00,1.30,15
1.7,gms8k,CAA,41.67,1.36,15
0.3,Refusal_open,CAST,84.00,1.38,15
0.5,Refusal_open,CAST,84.00,1.39,15
0.7,Refusal_open,CAST,84.00,1.38,15
1.0,Refusal_open,CAST,86.00,1.39,15
1.3,Refusal_open,CAST,84.00,1.38,15
1.5,Refusal_open,CAST,86.0,1.43,15
1.7,Refusal_open,CAST,84.0,1.43,15
2.0,Refusal_open,CAST,84.0,1.44,15
0.3,Refusal_open_2,CAST,86.0,1.44,15
0.5,Refusal_open_2,CAST,84.0,1.42,15
0.7,Refusal_open_2,CAST,86.0,1.43,15
1.0,Refusal_open_2,CAST,84.0,1.51,15
1.3,Refusal_open_2,CAST,84.0,1.44,15
1.5,Refusal_open_2,CAST,84.0,1.44,15
1.7,Refusal_open_2,CAST,86.0,1.44,15
2.0,Refusal_open_2,CAST,84.0,1.44,15
0.3,SorryBench,CAST,90.45,1.5,15
0.5,SorryBench,CAST,90.45,1.51,15
0.7,SorryBench,CAST,90.45,1.51,15
1.0,SorryBench,CAST,90.23,1.51,15
1.3,SorryBench,CAST,90.68,1.51,15
1.5,SorryBench,CAST,90.68,1.51,15
1.7,SorryBench,CAST,90.45,1.51,15
2.0,SorryBench,CAST,90.68,1.51,15
0.3,gms8k,CAST,60.67,1.12,15
0.5,gms8k,CAST,60.00,1.13,15
0.7,gms8k,CAST,57.67,1.17,15
1.0,gms8k,CAST,50.67,1.24,15
0.5,Refusal_open,MANIFOLD,86.00,1.44,15
1.0,Refusal_open,MANIFOLD,86.00,1.43,15
1.5,Refusal_open,MANIFOLD,86.00,1.45,15
2.0,Refusal_open,MANIFOLD,86.00,1.48,15
3.0,Refusal_open,MANIFOLD,88.00,1.52,15
5.0,Refusal_open,MANIFOLD,84.00,1.75,15
7.5,Refusal_open,MANIFOLD,86.00,2.31,15
10.0,Refusal_open,MANIFOLD,88.00,3.08,15
0.5,Refusal_open_2,MANIFOLD,86.00,1.43,15
1.0,Refusal_open_2,MANIFOLD,88.00,1.44,15
1.5,Refusal_open_2,MANIFOLD,86.00,1.44,15
2.0,Refusal_open_2,MANIFOLD,88.00,1.46,15
3.0,Refusal_open_2,MANIFOLD,90.00,1.56,15
5.0,Refusal_open_2,MANIFOLD,94.00,2.18,15
7.5,Refusal_open_2,MANIFOLD,96.00,4.94,15
10.0,Refusal_open_2,MANIFOLD,98.00,6.87,15
0.3,Refusal_open,SAECOT,84.00,1.44,15
0.5,Refusal_open,SAECOT,84.00,1.45,15
0.7,Refusal_open,SAECOT,84.00,1.45,15
1.0,Refusal_open,SAECOT,84.00,1.47,15
1.3,Refusal_open,SAECOT,84.00,1.48,15
1.5,Refusal_open,SAECOT,84.00,1.48,15
1.7,Refusal_open,SAECOT,84.00,1.49,15
2.0,Refusal_open,SAECOT,84.00,1.49,15
2.5,Refusal_open,SAECOT,86.00,1.55,top3
2.5,Refusal_open,SAECOT,86.00,1.55,top5
2.5,Refusal_open,SAECOT,86.00,1.55,mid5
4.0,Refusal_open,SAECOT,88.00,1.92,top3
4.0,Refusal_open,SAECOT,88.00,1.92,top5
4.0,Refusal_open,SAECOT,88.00,1.92,mid5
5.0,Refusal_open,SAECOT,82.00,2.40,top3
5.0,Refusal_open,SAECOT,82.00,2.40,top5
5.0,Refusal_open,SAECOT,82.00,2.40,mid5
7.5,Refusal_open,SAECOT,84.00,4.87,top3
7.5,Refusal_open,SAECOT,84.00,4.87,top5
7.5,Refusal_open,SAECOT,84.00,4.87,mid5
10.0,Refusal_open,SAECOT,56.00,2.96,top3
10.0,Refusal_open,SAECOT,56.00,2.96,top5
10.0,Refusal_open,SAECOT,56.00,2.96,mid5
0.3,Refusal_open_2,SAECOT,84.00,1.46,15
0.5,Refusal_open_2,SAECOT,84.00,1.47,15
0.7,Refusal_open_2,SAECOT,86.00,1.47,15
1.0,Refusal_open_2,SAECOT,84.00,1.45,15
1.3,Refusal_open_2,SAECOT,84.00,1.47,15
1.5,Refusal_open_2,SAECOT,86.00,1.47,15
1.7,Refusal_open_2,SAECOT,86.00,1.47,15
2.0,Refusal_open_2,SAECOT,86.00,1.49,15
2.5,Refusal_open_2,SAECOT,86.00,1.51,top3
2.5,Refusal_open_2,SAECOT,86.00,1.51,top5
2.5,Refusal_open_2,SAECOT,86.00,1.51,mid5
4.0,Refusal_open_2,SAECOT,84.00,1.70,top3
4.0,Refusal_open_2,SAECOT,84.00,1.70,top5
4.0,Refusal_open_2,SAECOT,84.00,1.70,mid5
5.0,Refusal_open_2,SAECOT,84.00,2.13,top3
5.0,Refusal_open_2,SAECOT,84.00,2.13,top5
5.0,Refusal_open_2,SAECOT,84.00,2.13,mid5
7.5,Refusal_open_2,SAECOT,78.00,6.58,top3
7.5,Refusal_open_2,SAECOT,78.00,6.58,top5
7.5,Refusal_open_2,SAECOT,78.00,6.58,mid5
10.0,Refusal_open_2,SAECOT,4.00,2.64,top3
10.0,Refusal_open_2,SAECOT,4.00,2.64,top5
10.0,Refusal_open_2,SAECOT,4.00,2.64,mid5
0.3,SorryBench,SAECOT,91.14,1.51,15
0.5,SorryBench,SAECOT,90.91,1.51,15
0.7,SorryBench,SAECOT,91.14,1.51,15
1.0,SorryBench,SAECOT,91.14,1.51,15
1.3,SorryBench,SAECOT,91.14,1.52,15
1.5,SorryBench,SAECOT,90.91,1.53,15
1.7,SorryBench,SAECOT,91.82,1.54,15
0.3,SorryBench_2,SAECOT,90.45,1.52,15
0.5,SorryBench_2,SAECOT,90.00,1.51,15
0.7,SorryBench_2,SAECOT,90.00,1.51,15
1.0,SorryBench_2,SAECOT,90.23,1.52,15
1.3,SorryBench_2,SAECOT,90.68,1.52,15
1.5,SorryBench_2,SAECOT,90.23,1.52,15
1.7,SorryBench_2,SAECOT,90.68,1.53,15
2.0,SorryBench_2,SAECOT,90.23,1.53,15
1.3,gms8k,SAECOT,53.33,1.15,15
1.5,gms8k,SAECOT,52.00,1.17,15
1.7,gms8k,SAECOT,47.00,1.20,15
2.0,gms8k,SAECOT,43.00,1.24,15
0.3,Refusal_open,SAEIO,82.00,1.48,15
0.3,Refusal_open,SAEIO,84.00,1.45,top3
0.5,Refusal_open,SAEIO,84.00,1.42,15
0.7,Refusal_open,SAEIO,86.00,2.38,15
1.0,Refusal_open,SAEIO,84.00,1.49,15
1.3,Refusal_open,SAEIO,22.00,2.71,15
1.5,Refusal_open,SAEIO,84.00,1.53,15
1.7,Refusal_open,SAEIO,0.00,2.46,15
2.0,Refusal_open,SAEIO,86.00,1.61,15
3.0,Refusal_open,SAEIO,90.00,3.22,15
5.0,Refusal_open,SAEIO,26.00,595.81,15
7.5,Refusal_open,SAEIO,84.00,1.68,15
10.0,Refusal_open,SAEIO,88.00,2.24,15
0.3,Refusal_open_2,SAEIO,86.00,1.50,15
0.5,Refusal_open_2,SAEIO,84.00,1.42,15
0.7,Refusal_open_2,SAEIO,86.00,2.42,15
1.0,Refusal_open_2,SAEIO,84.00,1.49,15
1.3,Refusal_open_2,SAEIO,2.00,2.38,15
1.5,Refusal_open_2,SAEIO,84.00,1.53,15
1.7,Refusal_open_2,SAEIO,0.00,2.58,15
2.0,Refusal_open_2,SAEIO,86.00,1.61,15
3.0,Refusal_open_2,SAEIO,86.00,1.45,15
5.0,Refusal_open_2,SAEIO,26.00,595.81,15
7.5,Refusal_open_2,SAEIO,84.00,1.68,15
10.0,Refusal_open_2,SAEIO,88.00,2.24,15
15.0,Refusal_open_2,SAEIO,86.00,1.49,15
25.0,Refusal_open_2,SAEIO,20.00,8.21,15
0.3,SorryBench,SAEIO,91.59,1.56,15
0.5,SorryBench,SAEIO,91.82,1.74,15
0.7,SorryBench,SAEIO,93.18,2.69,15
1.0,SorryBench,SAEIO,47.50,2.58,15
1.3,SorryBench,SAEIO,12.50,2.08,15
1.5,SorryBench,SAEIO,2.50,2.27,15
0.3,SorryBench_2,SAEIO,91.36,1.51,15
0.5,SorryBench_2,SAEIO,91.82,1.57,15
0.7,SorryBench_2,SAEIO,90.91,1.88,15
1.0,SorryBench_2,SAEIO,29.32,2.29,15
1.3,SorryBench_2,SAEIO,15.68,2.67,15
1.5,SorryBench_2,SAEIO,26.82,2.11,15
1.7,SorryBench_2,SAEIO,23.64,1.97,15
0.3,Refusal_open,SAS,86.00,1.43,15
0.5,Refusal_open,SAS,86.00,1.45,15
0.7,Refusal_open,SAS,84.00,1.45,15
1.0,Refusal_open,SAS,84.00,1.46,15
1.3,Refusal_open,SAS,86.00,1.46,15
1.5,Refusal_open,SAS,86.00,1.47,15
1.7,Refusal_open,SAS,86.00,1.48,15
2.0,Refusal_open,SAS,84.00,1.50,15
2.5,Refusal_open,SAS,88.00,1.63,15
2.5,Refusal_open,SAS,84.00,1.44,top3
2.5,Refusal_open,SAS,84.00,1.44,top5
2.5,Refusal_open,SAS,84.00,1.42,mid5
3.0,Refusal_open,SAS,90.00,1.63,15
4.0,Refusal_open,SAS,88.00,2.64,15
4.0,Refusal_open,SAS,84.00,1.47,top3
4.0,Refusal_open,SAS,86.00,1.46,top5
4.0,Refusal_open,SAS,84.00,1.42,mid5
5.0,Refusal_open,SAS,86.00,4.46,15
5.0,Refusal_open,SAS,84.00,1.47,top3
5.0,Refusal_open,SAS,84.00,1.50,top5
5.0,Refusal_open,SAS,84.00,1.42,mid5
7.5,Refusal_open,SAS,80.00,8.95,15
7.5,Refusal_open,SAS,84.00,1.58,top3
7.5,Refusal_open,SAS,84.00,1.64,top5
7.5,Refusal_open,SAS,84.00,1.42,mid5
10.0,Refusal_open,SAS,0.00,4.68,15
10.0,Refusal_open,SAS,84.00,1.83,top3
10.0,Refusal_open,SAS,86.00,1.90,top5
10.0,Refusal_open,SAS,84.00,1.42,mid5
15.0,Refusal_open,SAS,44.00,6.76,15
15.0,Refusal_open,SAS,68.00,4.62,top5
15.0,Refusal_open,SAS,88.00,2.97,mid5
0.3,Refusal_open_2,SAS,86.00,1.44,15
0.5,Refusal_open_2,SAS,84.00,1.46,15
0.7,Refusal_open_2,SAS,86.00,1.46,15
1.0,Refusal_open_2,SAS,84.0,1.46,15
1.3,Refusal_open_2,SAS,86.00,1.47,15
1.5,Refusal_open_2,SAS,88.00,1.46,15
1.7,Refusal_open_2,SAS,90.00,1.49,15
2.0,Refusal_open_2,SAS,90.0,1.51,15
2.5,Refusal_open_2,SAS,88.00,1.54,15
2.5,Refusal_open_2,SAS,88.00,1.50,top5
3.0,Refusal_open_2,SAS,90.00,1.63,15
4.0,Refusal_open_2,SAS,92.00,1.90,15
4.0,Refusal_open_2,SAS,90.00,1.83,top3
4.0,Refusal_open_2,SAS,90.00,1.84,top5
4.0,Refusal_open_2,SAS,86.00,1.46,mid5
5.0,Refusal_open_2,SAS,90.00,2.46,15
5.0,Refusal_open_2,SAS,92.00,2.29,top3
5.0,Refusal_open_2,SAS,92.00,2.29,top5
5.0,Refusal_open_2,SAS,88.00,1.47,mid5
7.5,Refusal_open_2,SAS,88.00,3.90,15
7.5,Refusal_open_2,SAS,94.00,3.49,top3
7.5,Refusal_open_2,SAS,94.00,3.53,top5
7.5,Refusal_open_2,SAS,88.00,1.60,mid5
10.0,Refusal_open_2,SAS,90.00,5.89,15
10.0,Refusal_open_2,SAS,86.00,4.19,top3
10.0,Refusal_open_2,SAS,86.00,4.23,top5
10.0,Refusal_open_2,SAS,88.00,1.88,mid5
15.0,Refusal_open_2,SAS,44.00,6.76,15
15.0,Refusal_open_2,SAS,68.00,4.62,top5
15.0,Refusal_open_2,SAS,88.00,2.97,mid5
0.3,SorryBench,SAS,90.45,1.51,15
0.5,SorryBench,SAS,90.68,1.51,15
0.7,SorryBench,SAS,90.45,1.51,15
1.0,SorryBench,SAS,90.68,1.52,15
1.3,SorryBench,SAS,90.68,1.52,15
1.5,SorryBench,SAS,90.91,1.53,15
1.7,SorryBench,SAS,90.91,1.54,15
2.0,SorryBench,SAS,91.0,1.56,15
2.5,SorryBench,SAS,90.91,1.64,15
3.0,SorryBench,SAS,85.68,1.54,15
4.0,SorryBench,SAS,90.91,2.58,15
5.0,SorryBench,SAS,90.68,4.49,15
7.5,SorryBench,SAS,79.09,8.91,15
10.0,SorryBench,SAS,0.00,4.82,15
0.3,SorryBench_2,SAS,90.68,1.51,15
0.5,SorryBench_2,SAS,90.68,1.51,15
0.7,SorryBench_2,SAS,90.45,1.51,15
1.0,SorryBench_2,SAS,90.68,1.52,15
1.3,SorryBench_2,SAS,90.68,1.53,15
1.5,SorryBench_2,SAS,90.68,1.53,15
1.7,SorryBench_2,SAS,90.45,1.54,15
2.0,SorryBench_2,SAS,91.14,1.56,15
2.5,SorryBench_2,SAS,91.36,1.58,15
4.0,SorryBench_2,SAS,92.05,1.88,15
5.0,SorryBench_2,SAS,92.27,2.43,15
7.5,SorryBench_2,SAS,93.41,4.21,15
10.0,SorryBench_2,SAS,89.55,6.16,15
1.0,XSTest,SAS,81.0,1.48,15
2.0,XSTest,SAS,79.0,1.53,15
3.0,XSTest,SAS,80.44,1.51,15
0.3,gms8k,SAS,60.00,1.11,15
0.5,gms8k,SAS,62.67,1.10,15
0.7,gms8k,SAS,59.33,1.12,15
1.0,gms8k,SAS,57.67,1.12,15
1.3,gms8k,SAS,58.33,1.13,15
1.5,gms8k,SAS,61.00,1.12,15
1.7,gms8k,SAS,60.00,1.13,15
2.0,gms8k,SAS,58.67,1.15,15
2.5,gms8k,SAS,54.67,1.17,15
4.0,gms8k,SAS,40.33,1.33,15
5.0,gms8k,SAS,19.33,1.59,15
7.5,gms8k,SAS,1.00,5.05,15
10.0,gms8k,SAS,0.00,127.27,15
0.3,Refusal_open,SPARE,88.00,1.35,15
0.5,Refusal_open,SPARE,88.00,1.36,15
0.7,Refusal_open,SPARE,86.00,1.42,15
1.0,Refusal_open,SPARE,84.00,1.43,15
1.3,Refusal_open,SPARE,86.00,1.43,15
1.5,Refusal_open,SPARE,86.00,1.36,15
1.7,Refusal_open,SPARE,86.00,1.43,15
2.0,Refusal_open,SPARE,88.00,1.37,15
2.5,Refusal_open,SPARE,86.00,1.46,15
2.5,Refusal_open,SPARE,84.00,1.43,top3
2.5,Refusal_open,SPARE,84.00,1.44,top5
2.5,Refusal_open,SPARE,84.00,1.42,mid5
3.0,Refusal_open,SPARE,88.00,1.40,15
4.0,Refusal_open,SPARE,86.00,1.57,15
4.0,Refusal_open,SPARE,84.00,1.43,top3
4.0,Refusal_open,SPARE,84.00,1.52,top5
4.0,Refusal_open,SPARE,84.00,1.42,mid5
5.0,Refusal_open,SPARE,88.00,1.94,15
5.0,Refusal_open,SPARE,84.00,1.42,top3
5.0,Refusal_open,SPARE,86.00,1.59,top5
5.0,Refusal_open,SPARE,84.00,1.42,mid5
7.5,Refusal_open,SPARE,88.00,3.98,15
7.5,Refusal_open,SPARE,88.00,3.98,top3
7.5,Refusal_open,SPARE,88.00,2.06,top5
7.5,Refusal_open,SPARE,84.00,1.42,mid5
10.0,Refusal_open,SPARE,88.00,9.87,15
10.0,Refusal_open,SPARE,84.00,1.42,top3
10.0,Refusal_open,SPARE,90.00,3.72,top5
10.0,Refusal_open,SPARE,84.00,1.42,mid5
15.0,Refusal_open,SPARE,88.00,5.59,15
0.3,Refusal_open_2,SPARE,84.00,1.42,15
0.5,Refusal_open_2,SPARE,84.00,1.42,15
0.7,Refusal_open_2,SPARE,84.00,1.43,15
1.0,Refusal_open_2,SPARE,86.00,1.43,15
1.3,Refusal_open_2,SPARE,88.00,1.46,15
1.5,Refusal_open_2,SPARE,88.00,1.47,15
1.7,Refusal_open_2,SPARE,88.00,1.47,15
2.0,Refusal_open_2,SPARE,86.00,1.47,15
2.5,Refusal_open_2,SPARE,86.00,1.51,15
2.5,Refusal_open_2,SPARE,86.00,1.42,top3
2.5,Refusal_open_2,SPARE,84.00,1.42,top5
2.5,Refusal_open_2,SPARE,84.00,1.43,mid5
3.0,Refusal_open_2,SPARE,90.00,1.42,15
4.0,Refusal_open_2,SPARE,86.00,1.67,15
4.0,Refusal_open_2,SPARE,86.00,1.45,top3
4.0,Refusal_open_2,SPARE,86.00,1.44,top5
4.0,Refusal_open_2,SPARE,84.00,1.44,mid5
5.0,Refusal_open_2,SPARE,88.00,1.97,15
5.0,Refusal_open_2,SPARE,86.00,1.45,top3
5.0,Refusal_open_2,SPARE,86.00,1.45,top5
5.0,Refusal_open_2,SPARE,84.00,1.46,mid5
7.5,Refusal_open_2,SPARE,62.00,5.25,15
7.5,Refusal_open_2,SPARE,88.00,1.48,top3
7.5,Refusal_open_2,SPARE,88.00,1.49,top5
7.5,Refusal_open_2,SPARE,84.00,1.50,mid5
10.0,Refusal_open_2,SPARE,4.00,12.41,15
10.0,Refusal_open_2,SPARE,86.00,1.59,top3
10.0,Refusal_open_2,SPARE,90.00,1.62,top5
10.0,Refusal_open_2,SPARE,84.00,1.58,mid5
0.3,SorryBench,SPARE,90.68,1.49,15
0.5,SorryBench,SPARE,90.91,1.49,15
0.7,SorryBench,SPARE,90.68,1.49,15
1.0,SorryBench,SPARE,90.45,1.49,15
1.3,SorryBench,SPARE,90.45,1.50,15
1.5,SorryBench,SPARE,90.23,1.50,15
1.7,SorryBench,SPARE,90.45,1.51,15
2.0,SorryBench,SPARE,90.68,1.52,15
2.5,SorryBench,SPARE,90.91,1.53,15
4.0,SorryBench,SPARE,91.59,1.69,15
5.0,SorryBench,SPARE,92.05,2.06,15
7.5,SorryBench,SPARE,91.82,4.46,15
10.0,SorryBench,SPARE,90.45,9.66,15
0.3,SorryBench_2,SPARE,90.23,1.49,15
0.5,SorryBench_2,SPARE,90.91,1.49,15
0.7,SorryBench_2,SPARE,90.68,1.50,15
1.0,SorryBench_2,SPARE,90.68,1.51,15
1.3,SorryBench_2,SPARE,90.68,1.52,15
1.5,SorryBench_2,SPARE,91.14,1.53,15
1.7,SorryBench_2,SPARE,90.68,1.54,15
2.0,SorryBench_2,SPARE,90.91,1.56,15
2.5,SorryBench_2,SPARE,90.68,1.59,15
4.0,SorryBench_2,SPARE,90.68,1.77,15
5.0,SorryBench_2,SPARE,91.59,2.09,15
7.5,SorryBench_2,SPARE,63.86,6.08,15
10.0,SorryBench_2,SPARE,7.95,12.89,15
1.0,XSTest,SPARE,80.00,1.42,15
2.0,XSTest,SPARE,80.00,1.43,15
3.0,XSTest,SPARE,80.00,1.47,15
0.3,gms8k,SPARE,60.33,1.11,15
0.5,gms8k,SPARE,60.00,1.11,15
0.7,gms8k,SPARE,60.00,1.12,15
1.0,gms8k,SPARE,59.33,1.12,15
1.3,gms8k,SPARE,60.00,1.12,15
1.5,gms8k,SPARE,60.33,1.12,15
1.7,gms8k,SPARE,60.00,1.12,15
2.0,gms8k,SPARE,60.00,1.12,15
0.3,Refusal_open,SRPS,84.00,1.38,15
0.5,Refusal_open,SRPS,86.00,1.43,15
0.7,Refusal_open,SRPS,86.00,1.38,15
1.0,Refusal_open,SRPS,86.00,1.39,15
1.3,Refusal_open,SRPS,86.00,1.42,15
1.5,Refusal_open,SRPS,86.00,1.49,15
1.7,Refusal_open,SRPS,86.00,1.50,15
2.0,Refusal_open,SRPS,90.00,1.38,15
2.5,Refusal_open,SRPS,88.00,1.58,15
2.5,Refusal_open,SRPS,84.00,1.42,top3
2.5,Refusal_open,SRPS,84.00,1.42,top5
2.5,Refusal_open,SRPS,86.00,1.42,mid5
4.0,Refusal_open,SRPS,86.00,2.16,15
4.0,Refusal_open,SRPS,84.00,1.42,top3
4.0,Refusal_open,SRPS,84.00,1.42,top5
4.0,Refusal_open,SRPS,86.00,1.42,mid5
5.0,Refusal_open,SRPS,88.00,3.02,15
5.0,Refusal_open,SRPS,84.00,1.42,top3
5.0,Refusal_open,SRPS,84.00,1.42,top5
5.0,Refusal_open,SRPS,84.00,1.42,mid5
7.5,Refusal_open,SRPS,78.00,5.43,15
7.5,Refusal_open,SRPS,84.00,1.42,top3
7.5,Refusal_open,SRPS,84.00,1.42,top5
7.5,Refusal_open,SRPS,86.00,1.43,mid5
10.0,Refusal_open,SRPS,42.00,2.73,15
10.0,Refusal_open,SRPS,84.00,1.42,top3
10.0,Refusal_open,SRPS,84.00,1.42,top5
10.0,Refusal_open,SRPS,84.00,1.42,mid5
0.3,Refusal_open_2,SRPS,84.0,1.43,15
0.5,Refusal_open_2,SRPS,84.0,1.43,15
0.7,Refusal_open_2,SRPS,84.0,1.44,15
1.0,Refusal_open_2,SRPS,84.0,1.44,15
1.3,Refusal_open_2,SRPS,84.0,1.45,15
1.5,Refusal_open_2,SRPS,84.0,1.46,15
2.0,Refusal_open_2,SRPS,84.0,1.46,15
2.5,Refusal_open_2,SRPS,88.00,1.49,15
2.5,Refusal_open_2,SRPS,84.00,1.45,top3
2.5,Refusal_open_2,SRPS,84.00,1.47,top5
2.5,Refusal_open_2,SRPS,86.00,1.43,mid5
3.0,Refusal_open_2,SRPS,4.00,1.35,15
4.0,Refusal_open_2,SRPS,86.00,1.58,15
4.0,Refusal_open_2,SRPS,84.00,1.50,top3
4.0,Refusal_open_2,SRPS,88.00,1.54,top5
4.0,Refusal_open_2,SRPS,86.00,1.44,mid5
5.0,Refusal_open_2,SRPS,88.00,1.74,15
5.0,Refusal_open_2,SRPS,86.00,1.55,top3
5.0,Refusal_open_2,SRPS,86.00,1.64,top5
5.0,Refusal_open_2,SRPS,86.00,1.45,mid5
7.5,Refusal_open_2,SRPS,62.00,5.05,15
7.5,Refusal_open_2,SRPS,88.00,3.14,top3
7.5,Refusal_open_2,SRPS,76.00,4.12,top5
7.5,Refusal_open_2,SRPS,86.00,1.46,mid5
10.0,Refusal_open_2,SRPS,0.00,7.60,15
10.0,Refusal_open_2,SRPS,12.00,2.90,top3
10.0,Refusal_open_2,SRPS,6.00,2.75,top5
10.0,Refusal_open_2,SRPS,88.00,1.48,mid5
1.0,SorryBench,SRPS,91.0,1.54,15
1.3,SorryBench,SRPS,90.91,1.53,15
2.0,SorryBench,SRPS,91.0,1.64,15
2.5,SorryBench,SRPS,91.82,1.71,15
3.0,SorryBench,SRPS,7.95,1.53,15
4.0,SorryBench,SRPS,91.82,2.29,15
5.0,SorryBench,SRPS,90.45,3.19,15
7.5,SorryBench,SRPS,89.32,7.72,15
10.0,SorryBench,SRPS,19.32,18.53,15
2.5,SorryBench_2,SRPS,90.45,1.54,15
4.0,SorryBench_2,SRPS,92.05,1.63,15
5.0,SorryBench_2,SRPS,91.14,1.80,15
7.5,SorryBench_2,SRPS,77.50,5.56,15
10.0,SorryBench_2,SRPS,19.32,18.53,15
1.0,XSTest,SRPS,82.0,1.5,15
2.0,XSTest,SRPS,81.0,1.59,15
3.0,XSTest,SRPS,80.0,1.76,15
2.5,gms8k,SRPS,54.33,1.16,15
4.0,gms8k,SRPS,42.33,1.28,15
5.0,gms8k,SRPS,33.33,1.49,15
7.5,gms8k,SRPS,4.00,2.29,15
10.0,gms8k,SRPS,0.33,2.03,15
1.5,Refusal_open,BIPO,86.00,1.4431,
3.0,Refusal_open,BIPO,88.00,1.4472,
1.0,Refusal_open,ODE,86.00,1.4406,
1.0,liarbench_no_sys,ANGULAR,10.00,1.2156,
1.0,ifeval,ANGULAR,32.67,1.7149,
1.0,Refusal_open,ANGULAR,88.00,1.4287,
1.0,mmlu,CAA,55.26,,
2.0,Refusal_open,CAA,14.00,13.7925,
1.0,Refusal_open,CAST,84.00,1.4238,
10.0,liarbench_no_sys,CORRSTEER,11.00,1.3482,top5
1.0,liarbench_no_sys,CORRSTEER,10.00,1.2101,top5
20.0,liarbench_no_sys,CORRSTEER,27.00,76.5130,top5
2.0,liarbench_no_sys,CORRSTEER,5.00,1.2326,top5
30.0,liarbench_no_sys,CORRSTEER,67.00,9.0294,top5
3.0,liarbench_no_sys,CORRSTEER,10.00,1.2210,top5
5.0,liarbench_no_sys,CORRSTEER,6.00,1.2390,top5
7.0,liarbench_no_sys,CORRSTEER,6.00,1.2614,top5
5.0,Refusal_open,CORRSTEER,94.00,2.1422,top5
10.0,liarbench_no_sys,CURVEBALL,9.00,1.8337,
15.0,liarbench,CURVEBALL,95.00,10.0188,
15.0,liarbench_no_sys,CURVEBALL,63.00,5.1489,
1.0,liarbench_no_sys,CURVEBALL,3.00,1.1756,
20.0,liarbench,CURVEBALL,93.00,3.9405,
20.0,liarbench_no_sys,CURVEBALL,58.00,2.2899,
2.0,liarbench_no_sys,CURVEBALL,7.00,1.1955,
3.0,liarbench_no_sys,CURVEBALL,4.00,1.1953,
5.0,liarbench_no_sys,CURVEBALL,5.00,1.2512,
1.0,Refusal_open,CURVEBALL,100.00,4.6609,
1.0,Refusal_open,FGAA,90.00,1.9714,
1.0,liarbench,Finetune,48.00,1.2022,
1.0,mmlu,Finetune,54.00,765776.2629,
1.0,Refusal_open,Finetune,100.00,2.5207,
1.0,truthfulqa,Finetune,51.41,1711.6319,
0.3,liarbench_no_sys,FLAS,4.00,1.3303,
0.3,liarbench,FLAS,40.00,1.8617,
0.5,liarbench,FLAS,66.00,3.7057,
1.0,liarbench,FLAS,88.00,7.1500,
1.0,liarbench_no_sys,FLAS,5.00,3.8814,
2.0,liarbench,FLAS,80.00,11.5702,
2.0,liarbench_no_sys,FLAS,26.00,21.6473,
3.0,liarbench,FLAS,92.00,12.4561,
3.0,liarbench_no_sys,FLAS,30.00,14.7247,
5.0,liarbench_no_sys,FLAS,50.00,6.7286,
1.0,hallucination_ab,FLAS,60.00,272.0563,
0.5,Refusal_open,FLAS,96.00,1.5530,
0.75,Refusal_open,FLAS,100.00,1.8926,
0.75,ifeval,FLAS,20.00,4.0331,
1.0,Refusal_open,FLAS,100.00,2.5912,
1.0,truthfulqa,FLAS,65.36,19.5923,
2.0,truthfulqa,FLAS,52.75,286.5138,
3.0,truthfulqa,FLAS,48.35,446.4985,
10.0,liarbench_no_sys,ACT,67.00,3.4537,
1.0,liarbench_no_sys,ACT,11.00,1.3376,
2.0,liarbench_no_sys,ACT,10.00,1.3480,
3.0,liarbench_no_sys,ACT,11.00,1.4395,
5.0,liarbench_no_sys,ACT,28.00,1.9301,
7.0,liarbench_no_sys,ACT,55.00,3.9556,
1.0,Refusal_open,ACT,86.00,2.6267,
0.3,Refusal_open,MANIFOLD,84.00,1.4322,
1.0,mmlu,ANGULAR,54.39,,
2.0,mmlu,ANGULAR,54.21,,
3.0,mmlu,ANGULAR,53.68,,
4.0,mmlu,ANGULAR,54.21,,
2.0,mmlu,CAA,54.04,,
3.0,mmlu,CAA,52.63,,
4.0,mmlu,CAA,52.63,,
1.0,mmlu,CAST,54.21,,
2.0,mmlu,CAST,54.21,,
3.0,mmlu,CAST,54.21,,
4.0,mmlu,CAST,54.21,,
1.0,mmlu,CORRSTEER,54.91,,
2.0,mmlu,CORRSTEER,56.14,,
3.0,mmlu,CORRSTEER,58.60,,
4.0,mmlu,CORRSTEER,58.95,,
1.0,mmlu,CURVEBALL,54.56,,
2.0,mmlu,CURVEBALL,54.91,,
3.0,mmlu,CURVEBALL,55.26,,
4.0,mmlu,CURVEBALL,55.44,,
1.0,mmlu,FGAA,57.54,,
2.0,mmlu,FGAA,60.00,,
3.0,mmlu,FGAA,53.86,,
4.0,mmlu,FGAA,52.46,,
1.0,mmlu,FLAS,54.21,,
2.0,mmlu,FLAS,54.04,,
3.0,mmlu,FLAS,53.16,,
4.0,mmlu,FLAS,46.67,,
1.0,mmlu,ACT,54.39,,
2.0,mmlu,ACT,52.28,,
3.0,mmlu,ACT,52.46,,
4.0,mmlu,ACT,52.28,,
1.0,mmlu,MANIFOLD,54.39,,
2.0,mmlu,MANIFOLD,54.21,,
3.0,mmlu,MANIFOLD,54.21,,
4.0,mmlu,MANIFOLD,54.39,,
1.0,mmlu,REPS,53.16,,
2.0,mmlu,REPS,50.70,,
3.0,mmlu,REPS,52.46,,
4.0,mmlu,REPS,52.46,,
1.0,mmlu,SAE-COT,54.21,,top5
2.0,mmlu,SAE-COT,54.04,,top5
3.0,mmlu,SAE-COT,53.86,,top5
4.0,mmlu,SAE-COT,53.33,,top5
1.0,mmlu,SAE-FREE,54.21,,
2.0,mmlu,SAE-FREE,54.21,,
3.0,mmlu,SAE-FREE,54.21,,
4.0,mmlu,SAE-FREE,54.21,,
1.0,mmlu,SAS,54.39,,15
2.0,mmlu,SAS,54.39,,15
3.0,mmlu,SAS,54.56,,15
4.0,mmlu,SAS,54.39,,15
1.0,mmlu,SPARE,54.21,,15
2.0,mmlu,SPARE,54.21,,15
3.0,mmlu,SPARE,54.21,,15
4.0,mmlu,SPARE,54.21,,15
1.0,mmlu,SPHERICAL,54.21,,
2.0,mmlu,SPHERICAL,54.21,,
3.0,mmlu,SPHERICAL,54.04,,
4.0,mmlu,SPHERICAL,54.04,,
1.0,mmlu,SRPS,54.21,,top5
2.0,mmlu,SRPS,54.04,,top5
3.0,mmlu,SRPS,53.33,,top5
4.0,mmlu,SRPS,52.98,,top5
1.0,mmlu,WEIGHTSTEER,52.81,nan,
2.0,mmlu,WEIGHTSTEER,53.68,,
3.0,mmlu,WEIGHTSTEER,53.33,,
4.0,mmlu,WEIGHTSTEER,55.09,,
0.5,mmlu,WEIGHTSTEER,54.74,,
10.0,hallucination_ab,REPS,84.00,6977.6472,
20.0,hallucination_ab,REPS,82.00,6771.3481,
5.0,hallucination_ab,REPS,94.00,7122.9058,
7.0,hallucination_ab,REPS,90.00,6903.4659,
3.0,Refusal_open,REPS,100.00,2.5511,
10.0,liarbench_no_sys,REPS,3.00,1.1677,
1.0,liarbench,REPS,38.00,1.3456,
1.0,liarbench_no_sys,REPS,6.00,1.2080,
20.0,liarbench_no_sys,REPS,6.00,1.2056,
2.0,liarbench,REPS,44.00,4.3381,
2.0,liarbench_no_sys,REPS,7.00,1.2075,
3.0,liarbench,REPS,42.00,5.1581,
3.0,liarbench_no_sys,REPS,5.00,1.1808,
5.0,liarbench_no_sys,REPS,2.00,1.1914,
7.0,liarbench_no_sys,REPS,5.00,1.1830,
1.0,liarbench,SAE-COT,36.00,1.2666,top5
2.0,liarbench,SAE-COT,39.00,1.2791,top5
3.0,liarbench,SAE-COT,34.00,1.2756,top5
5.0,liarbench,SAE-COT,35.00,1.2612,top5
7.0,liarbench,SAE-COT,39.00,1.3085,top5
1.0,hallucination_ab,SAE-COT,58.00,,top5
2.0,hallucination_ab,SAE-COT,56.00,,top5
3.0,hallucination_ab,SAE-COT,54.00,,top5
5.0,hallucination_ab,SAE-COT,52.00,,top5
7.0,hallucination_ab,SAE-COT,56.00,,top5
1.0,ifeval,SAE-COT,32.00,1.7288,top5
2.0,ifeval,SAE-COT,29.00,1.7947,top5
3.0,ifeval,SAE-COT,29.00,1.9819,top5
5.0,ifeval,SAE-COT,26.00,2.8820,top5
7.0,ifeval,SAE-COT,20.00,5.4040,top5
7.0,SorryBench,SAE-COT,89.09,2.5106,top5
1.0,truthfulqa,SAE-COT,70.87,,top5
2.0,truthfulqa,SAE-COT,70.62,,top5
3.0,truthfulqa,SAE-COT,70.99,,top5
5.0,truthfulqa,SAE-COT,70.87,,top5
7.0,truthfulqa,SAE-COT,64.01,,top5
0.3,Refusal_open,SAEIO,86.00,1.4216,0
0.5,Refusal_open,SAEIO,84.00,1.4261,0
1.0,Refusal_open,SAEIO,84.00,1.4861,0
2.0,Refusal_open,SAEIO,84.00,1.6114,0
0.3,liarbench,SAEIO,32.00,1.2714,top5
0.5,liarbench,SAEIO,39.00,1.3111,top5
1.0,liarbench,SAEIO,34.00,1.6513,top5
2.0,liarbench,SAEIO,76.00,1002.7377,top5
0.3,hallucination_ab,SAEIO,56.00,,top5
0.5,hallucination_ab,SAEIO,56.00,,top5
1.0,hallucination_ab,SAEIO,56.00,,top5
2.0,hallucination_ab,SAEIO,68.00,,top5
0.3,ifeval,SAEIO,31.00,1.8271,top5
0.5,ifeval,SAEIO,32.00,1.8940,top5
1.0,ifeval,SAEIO,30.00,3.3366,top5
2.0,ifeval,SAEIO,18.00,1669.6772,top5
2.0,SorryBench,SAEIO,20.45,338.4326,top5
0.3,truthfulqa,SAEIO,71.48,,
0.5,truthfulqa,SAEIO,70.75,,
1.0,truthfulqa,SAEIO,53.12,,
2.0,truthfulqa,SAEIO,48.71,,
5.0,ifeval,SPARE,29.00,2.0685,top5
7.0,ifeval,SPARE,21.00,3.9537,top5
10.0,SorryBench,SPARE,91.59,1.6210,top5
1.0,SorryBench,SPARE,90.68,1.4881,top5
2.0,SorryBench,SPARE,90.45,1.4865,top5
3.0,SorryBench,SPARE,90.91,1.4902,top5
5.0,SorryBench,SPARE,90.68,1.5037,top5
7.0,SorryBench,SPARE,90.45,1.5271,top5
0.1,liarbench_no_sys,SPHERICAL,3.00,1.1967,
0.3,liarbench_no_sys,SPHERICAL,3.00,1.4312,
0.5,liarbench_no_sys,SPHERICAL,17.00,2.4979,
1.0,liarbench_no_sys,SPHERICAL,84.00,9.9197,
2.0,liarbench_no_sys,SPHERICAL,69.00,53.2303,
10.0,truthfulqa,SRPS,68.67,,
1.0,truthfulqa,SRPS,70.62,,
2.0,truthfulqa,SRPS,70.50,,
3.0,truthfulqa,SRPS,70.62,,
5.0,truthfulqa,SRPS,70.50,,
7.0,truthfulqa,SRPS,69.77,,
1.0,liarbench_no_sys,WEIGHTSTEER,8.00,1.4163,
2.0,liarbench_no_sys,WEIGHTSTEER,11.00,1.6799,
3.0,liarbench_no_sys,WEIGHTSTEER,72.00,14.0488,
5.0,liarbench_no_sys,WEIGHTSTEER,12.00,1.5817,
10.0,Refusal_open,WEIGHTSTEER,90.00,1.7541,
1.0,Refusal_open,WEIGHTSTEER,96.00,2.2341,
2.0,Refusal_open,WEIGHTSTEER,96.00,2.2684,
3.0,Refusal_open,WEIGHTSTEER,100.00,6.2047,
5.0,Refusal_open,WEIGHTSTEER,86.00,6.9766,
1.0,ifeval,WEIGHTSTEER,16.00,5.0871,
1.0,SorryBench,WEIGHTSTEER,99.77,2.6487,
2.0,SorryBench,WEIGHTSTEER,99.77,3.0270,
3.0,SorryBench,WEIGHTSTEER,91.59,6.4497,
5.0,SorryBench,WEIGHTSTEER,92.95,6.3151,
1.0,hallucination_ab,FLOW,60.00,2.2778,
1.0,truthfulqa,FLOW,69.16,1.9254,
1.0,ifeval,Finetune,26.00,1.6705,
1.0,ifeval,REPS,35.00,1.9358,
2.0,truthfulqa,REPS,46.88,1200.1284,
1.0,Refusal_open,SAE-COT,84.00,1.4405,top5
1.0,Refusal_open,SAE-FREE,84.00,1.4250,
1.0,ifeval,FLOW,29.67,1.7167,
