rank,act_cov_eig,recon_cov_eig,act_cov_cum_energy_pct,recon_cov_cum_energy_pct
1,1414.227,1414.2134,5.527005,7.3542304
2,944.4748,912.0006,9.218151,12.096839
3,750.90063,740.86707,12.15278,15.949515
4,596.14,560.4075,14.482583,18.863762
5,463.8136,441.76602,16.295233,21.161047
6,437.9896,382.68866,18.006962,23.151114
7,379.82266,357.58118,19.491364,25.010616
8,349.35477,311.86075,20.856695,26.632364
9,304.41156,283.9873,22.046377,28.109161
10,276.7565,256.0954,23.127983,29.440914
11,250.39087,238.77432,24.106546,30.682598
12,228.32928,211.9167,24.99889,31.78461
13,214.88683,194.77995,25.838697,32.79751
14,207.66414,189.22348,26.650278,33.781513
15,176.69135,157.14789,27.340816,34.59872
16,167.3217,150.43999,27.994732,35.381042
17,156.6174,139.90077,28.606815,36.108555
18,151.5103,139.12466,29.198938,36.83204
19,137.89967,128.02576,29.737873,37.4978
20,133.82828,122.02676,30.260893,38.132366
21,129.04474,120.58199,30.765219,38.75942
22,122.02883,109.824036,31.242125,39.330532
23,119.55504,105.93627,31.709364,39.881424
24,114.67786,101.06814,32.157543,40.407
25,111.31837,98.38707,32.59259,40.91864
26,108.38222,93.59463,33.016163,41.40535
27,104.122475,91.26427,33.423088,41.879948
28,97.84589,85.36504,33.80548,42.323864
29,94.452415,80.35676,34.174618,42.741737
30,87.490074,76.481384,34.51654,43.13946
31,84.85244,75.31015,34.848156,43.53109
32,83.09359,72.82387,35.172897,43.909794
33,80.83314,70.71517,35.488808,44.277527
34,78.42287,68.43815,35.795296,44.63342
35,77.24874,66.65933,36.097195,44.980064
36,75.689354,65.79472,36.393,45.322212
37,72.85612,63.096966,36.677734,45.65033
38,71.17599,61.657085,36.9559,45.970963
39,69.48438,58.441326,37.227455,46.27487
40,69.01556,57.614666,37.497177,46.57448
41,66.756226,55.703087,37.758068,46.864147
42,65.20348,54.59304,38.012894,47.14804
43,64.866875,53.98589,38.266403,47.428783
44,61.905228,52.308857,38.50834,47.7008
45,60.485615,51.917572,38.744724,47.970783
46,59.711807,50.782337,38.97809,48.234863
47,58.670227,49.895725,39.20738,48.49433
48,57.39455,48.922733,39.431683,48.74874
49,56.82519,47.856705,39.653763,48.99761
50,56.481823,46.484055,39.8745,49.239334
51,55.51543,45.700916,40.091465,49.476994
52,54.606613,45.24405,40.304874,49.71227
53,53.660465,44.19668,40.514587,49.9421
54,52.198807,43.355824,40.71859,50.16756
55,51.51052,43.181755,40.9199,50.392117
56,51.24453,42.166992,41.12017,50.611393
57,51.072662,41.081482,41.31977,50.825024
58,49.213024,40.655647,41.5121,51.036438
59,48.763283,39.535122,41.702675,51.24203
60,47.77307,39.216095,41.88938,51.445965
61,47.38822,38.894238,42.074585,51.648224
62,46.914326,38.496315,42.25793,51.84841
63,46.650555,38.126865,42.440247,52.04668
64,45.558407,37.77437,42.618294,52.24312
65,45.23958,37.61513,42.795094,52.438725
66,45.011555,37.064266,42.971012,52.631466
67,44.55511,36.174324,43.145138,52.819584
68,43.981277,35.59958,43.317024,53.00471
69,43.846725,35.231613,43.48838,53.187923
70,43.38453,35.029373,43.657936,53.37008
71,42.500748,34.154297,43.824036,53.54769
72,41.776165,33.602314,43.987305,53.72243
73,41.431385,33.423443,44.149223,53.896244
74,40.59189,32.75633,44.30786,54.06658
75,40.22475,32.370346,44.465065,54.234913
76,40.013134,32.138157,44.62144,54.402035
77,39.839005,31.90135,44.777134,54.567932
78,38.88275,31.263317,44.9291,54.73051
79,38.79631,30.927477,45.080715,54.891342
80,38.488182,30.418098,45.231136,55.04952
81,38.034546,30.120674,45.379776,55.206158
82,37.85216,29.786507,45.52771,55.361053
83,37.473915,29.555555,45.674164,55.51475
84,37.103683,29.252869,45.819168,55.66687
85,37.078503,28.966475,45.964077,55.8175
86,36.698536,28.618042,46.1075,55.966328
87,36.291992,28.527733,46.249332,56.114677
88,36.113037,28.229746,46.39047,56.26147
89,35.74405,28.00108,46.530163,56.407085
90,35.34928,27.862593,46.668312,56.551975
91,35.09353,27.60172,46.80546,56.695507
92,34.94172,27.03704,46.94202,56.83611
93,34.788998,26.937275,47.077984,56.976192
94,34.524467,26.803839,47.212906,57.115578
95,34.105793,26.689045,47.3462,57.254364
96,33.96259,26.396172,47.478928,57.391636
97,33.80231,26.186234,47.611034,57.527813
98,33.291855,25.96299,47.741146,57.662823
99,33.167465,25.739784,47.870766,57.796677
100,32.870964,25.44671,47.99923,57.929
101,32.778435,25.117682,48.127335,58.059624
102,32.531067,25.11134,48.25447,58.19021
103,32.228264,24.849913,48.380424,58.319435
104,32.058846,24.717642,48.50572,58.44797
105,31.829922,24.548443,48.63011,58.57563
106,31.547464,24.27435,48.753407,58.70186
107,31.211113,24.089817,48.87538,58.827133
108,31.02754,23.96827,48.996643,58.951775
109,30.766474,23.812881,49.116882,59.075607
110,30.688677,23.692558,49.236816,59.198814
111,30.483568,23.581411,49.35595,59.32144
112,30.31817,23.383963,49.474438,59.443043
113,30.03059,23.281784,49.5918,59.564117
114,29.847433,23.135477,49.708447,59.68443
115,29.767942,22.817245,49.824783,59.803078
116,29.60768,22.58186,49.940495,59.920513
117,29.451986,22.518717,50.0556,60.037617
118,29.353983,22.36765,50.17032,60.15393
119,29.06617,22.238386,50.283913,60.269573
120,28.91066,22.116367,50.396904,60.384583
121,28.781263,21.93498,50.509384,60.49865
122,28.741676,21.881615,50.621708,60.612434
123,28.461891,21.734364,50.73294,60.725464
124,28.28193,21.537806,50.84347,60.837463
125,27.992727,21.434252,50.952877,60.94893
126,27.933155,21.28381,51.062046,61.05961
127,27.87858,21.23299,51.170998,61.17003
128,27.794825,20.99329,51.279625,61.2792
129,27.642082,20.89667,51.387653,61.387867
130,27.372265,20.719316,51.49463,61.495617
131,27.220835,20.583014,51.601006,61.60265
132,27.150412,20.456196,51.70711,61.709026
133,26.990814,20.352316,51.8126,61.814865
134,26.908289,20.32519,51.917763,61.92056
135,26.83337,20.241999,52.02263,62.025826
136,26.537085,20.151022,52.12634,62.130615
137,26.46483,20.0968,52.22977,62.235123
138,26.205101,19.773321,52.332184,62.337948
139,26.109314,19.651428,52.434223,62.44014
140,25.975174,19.612123,52.535736,62.54213
141,25.909876,19.52668,52.636997,62.64367
142,25.763956,19.385746,52.737686,62.744484
143,25.651157,19.328724,52.837936,62.844997
144,25.538813,19.104029,52.937744,62.94434
145,25.446184,19.062195,53.037193,63.04347
146,25.260931,19.016533,53.135918,63.142365
147,25.167273,18.965782,53.234276,63.24099
148,25.109415,18.810066,53.332405,63.33881
149,25.056763,18.708597,53.43033,63.4361
150,24.924023,18.608202,53.527733,63.53287
151,24.795649,18.47439,53.62464,63.628937
152,24.702347,18.373835,53.72118,63.72449
153,24.57801,18.149487,53.817234,63.81887
154,24.473156,18.108406,53.91288,63.91304
155,24.366175,18.060284,54.008106,64.00696
156,24.262672,18.047384,54.10293,64.100815
157,24.165886,17.998384,54.197372,64.194405
158,23.967808,17.80013,54.291042,64.286964
159,23.906263,17.778658,54.384476,64.379425
160,23.822489,17.671967,54.477573,64.47131
161,23.719095,17.573662,54.57027,64.562706
162,23.612335,17.517582,54.66255,64.6538
163,23.445322,17.372406,54.754177,64.74413
164,23.287146,17.326641,54.84519,64.834236
165,23.280468,17.260193,54.93617,64.92399
166,23.17913,17.186068,55.026756,65.01336
167,23.062904,17.161592,55.116886,65.10261
168,23.023819,17.010862,55.206867,65.19106
169,22.873787,16.975336,55.29626,65.27934
170,22.666702,16.77029,55.38485,65.366554
171,22.638119,16.752739,55.47332,65.453674
172,22.612932,16.640388,55.5617,65.54021
173,22.49303,16.560925,55.6496,65.62633
174,22.394354,16.544712,55.737125,65.712364
175,22.361237,16.513855,55.824516,65.79824
176,22.302607,16.441845,55.91168,65.883736
177,22.208824,16.298542,55.99847,65.96849
178,22.083477,16.209461,56.084778,66.05278
179,21.980543,16.178854,56.17068,66.13692
180,21.932934,16.137661,56.256393,66.22083
181,21.851698,16.036476,56.341793,66.30423
182,21.757622,15.956049,56.42683,66.3872
183,21.719322,15.936247,56.51171,66.47008
184,21.567905,15.789847,56.596004,66.552185
185,21.467936,15.692581,56.6799,66.63379
186,21.442675,15.6460285,56.763702,66.71516
187,21.330769,15.58463,56.84707,66.7962
188,21.256529,15.521829,56.930145,66.87692
189,21.246181,15.519877,57.013172,66.95762
190,21.038895,15.451355,57.0954,67.03797
191,21.027107,15.367264,57.177578,67.11789
192,20.875694,15.299796,57.259163,67.19745
193,20.774118,15.232391,57.340355,67.276665
194,20.735327,15.147302,57.42139,67.35543
195,20.700115,15.1311865,57.50229,67.43411
196,20.691807,15.053819,57.583153,67.5124
197,20.519772,15.0336895,57.663345,67.590576
198,20.501867,14.985014,57.743473,67.6685
199,20.472881,14.943036,57.823483,67.74621
200,20.391838,14.838881,57.903175,67.82337
201,20.275269,14.740149,57.982414,67.900024
202,20.192686,14.70199,58.06133,67.97649
203,20.160156,14.64686,58.140118,68.05265
204,20.125895,14.534499,58.218773,68.12823
205,20.0405,14.501533,58.297092,68.20364
206,19.97151,14.474832,58.37514,68.278915
207,19.880802,14.440071,58.452843,68.354004
208,19.837294,14.312315,58.53037,68.42844
209,19.767796,14.246559,58.607624,68.50252
210,19.652903,14.205513,58.68443,68.576385
211,19.616915,14.194042,58.761097,68.6502
212,19.53164,14.111515,58.83743,68.72358
213,19.464933,14.092468,58.913498,68.79687
214,19.435755,14.012925,58.989452,68.869736
215,19.420061,13.961448,59.06535,68.94234
216,19.34789,13.922113,59.14097,69.01474
217,19.27597,13.870441,59.2163,69.08687
218,19.109858,13.816101,59.29098,69.158714
219,19.086086,13.801202,59.365574,69.230484
220,19.026058,13.755999,59.43993,69.30202
221,18.986853,13.647612,59.514137,69.372986
222,18.95947,13.551059,59.58823,69.44345
223,18.895346,13.524117,59.662075,69.51378
224,18.839245,13.487259,59.735706,69.583916
225,18.801775,13.436057,59.80918,69.65379
226,18.770607,13.366786,59.882538,69.723305
227,18.652924,13.324645,59.95544,69.792595
228,18.597435,13.279209,60.028122,69.86165
229,18.51517,13.246428,60.100487,69.930534
230,18.450361,13.187558,60.172592,69.999115
231,18.41616,13.158075,60.244564,70.06754
232,18.326637,13.123038,60.31618,70.13578
233,18.263992,13.109359,60.387558,70.20396
234,18.171543,13.032369,60.45858,70.27172
235,18.151268,13.015702,60.52952,70.33941
236,18.071905,12.950393,60.600147,70.40675
237,18.021736,12.855488,60.670578,70.4736
238,17.987661,12.839945,60.740875,70.54037
239,17.942657,12.720917,60.810997,70.60652
240,17.90583,12.708011,60.880978,70.67261
241,17.847956,12.678363,60.95073,70.73854
242,17.82113,12.624773,61.020374,70.80419
243,17.698004,12.592475,61.089546,70.869675
244,17.619308,12.528456,61.1584,70.93483
245,17.5369,12.499119,61.22694,70.999825
246,17.52165,12.441604,61.295418,71.06452
247,17.473969,12.425012,61.363705,71.129135
248,17.443085,12.399744,61.431873,71.19362
249,17.42674,12.3344555,61.499985,71.25775
250,17.407133,12.290745,61.56801,71.32167
251,17.366165,12.256075,61.63588,71.3854
252,17.3304,12.229817,61.703613,71.449
253,17.217894,12.188074,61.7709,71.51238
254,17.209457,12.1480875,61.838154,71.57556
255,17.158316,12.128019,61.905216,71.638626
256,17.109745,12.086255,61.972076,71.70148
257,17.0372,12.03263,62.038662,71.764046
258,17.010715,11.982185,62.10514,71.826355
259,16.923256,11.964115,62.17128,71.888565
260,16.886595,11.916574,62.237274,71.95054
261,16.84066,11.866592,62.303093,72.012245
262,16.747852,11.799094,62.368546,72.07361
263,16.720654,11.784579,62.433895,72.13488
264,16.677813,11.723082,62.499073,72.19585
265,16.63213,11.666894,62.564068,72.256516
266,16.600317,11.647624,62.62895,72.317085
267,16.566355,11.625681,62.69369,72.37755
268,16.51075,11.553952,62.758217,72.43763
269,16.44027,11.534177,62.82247,72.497604
270,16.425152,11.484152,62.88666,72.55733
271,16.364336,11.436652,62.950615,72.6168
272,16.35026,11.419551,63.01451,72.676186
273,16.285686,11.34255,63.07816,72.73517
274,16.231918,11.320444,63.1416,72.79404
275,16.152563,11.268405,63.204723,72.85264
276,16.138845,11.243745,63.267796,72.91111
277,16.1073,11.219419,63.330746,72.96945
278,16.054928,11.173969,63.39349,73.02756
279,16.011795,11.14272,63.456066,73.0855
280,15.982351,11.127058,63.518528,73.14337
281,15.955844,11.083789,63.580887,73.201004
282,15.895371,11.044348,63.64301,73.25844
283,15.8791685,11.004258,63.705067,73.31566
284,15.848895,10.977775,63.767006,73.37274
285,15.801985,10.918562,63.82876,73.429535
286,15.777264,10.89024,63.89042,73.48616
287,15.727602,10.834353,63.951885,73.5425
288,15.70247,10.820083,64.01325,73.59877
289,15.651579,10.756225,64.074425,73.6547
290,15.563827,10.745161,64.135254,73.71058
291,15.533392,10.697562,64.19596,73.766205
292,15.528478,10.684375,64.256645,73.82177
293,15.434008,10.663932,64.31696,73.87723
294,15.407912,10.631802,64.37718,73.93252
295,15.372017,10.600479,64.437256,73.98764
296,15.317116,10.584259,64.497116,74.04268
297,15.284521,10.54492,64.556854,74.09751
298,15.236545,10.49675,64.616394,74.1521
299,15.214182,10.46588,64.67586,74.20652
300,15.167546,10.429114,64.73514,74.26076
301,15.1446495,10.417691,64.79433,74.31493
302,15.112531,10.362878,64.853386,74.36882
303,15.079116,10.357487,64.91232,74.42268
304,15.0633135,10.3053,64.97119,74.47628
305,15.018926,10.2677,65.02989,74.52967
306,14.983814,10.228449,65.08845,74.58286
307,14.952199,10.223425,65.14689,74.63603
308,14.919401,10.194696,65.2052,74.68904
309,14.866621,10.181285,65.263306,74.74198
310,14.858946,10.128796,65.32137,74.79466
311,14.81241,10.094543,65.379265,74.84715
312,14.737679,10.054143,65.43687,74.89944
313,14.722183,10.024892,65.4944,74.95157
314,14.720911,10.000351,65.55193,75.00357
315,14.662201,9.980372,65.60923,75.055466
316,14.651167,9.9595375,65.66649,75.10726
317,14.615681,9.92684,65.72361,75.15889
318,14.591192,9.913711,65.78063,75.21044
319,14.548497,9.890244,65.837494,75.26187
320,14.478822,9.836745,65.89408,75.31303
321,14.469986,9.818923,65.95063,75.36409
322,14.444971,9.773632,66.00709,75.41491
323,14.393914,9.753696,66.06334,75.46564
324,14.382789,9.731352,66.11955,75.51624
325,14.334324,9.688872,66.175575,75.56662
326,14.304101,9.677461,66.231476,75.61695
327,14.291691,9.646501,66.28732,75.667114
328,14.249966,9.607963,66.34302,75.71708
329,14.192849,9.579317,66.39849,75.7669
330,14.166664,9.549282,66.45385,75.81655
331,14.1445055,9.543025,66.509125,75.86617
332,14.055099,9.498676,66.56406,75.91557
333,14.053491,9.490433,66.61897,75.96492
334,14.001174,9.4288025,66.6737,76.013954
335,13.990611,9.411272,66.72837,76.0629
336,13.942457,9.395992,66.78287,76.111755
337,13.90695,9.355981,66.83722,76.16041
338,13.888426,9.350182,66.891495,76.20903
339,13.868846,9.3156395,66.945694,76.25748
340,13.810963,9.292623,66.99967,76.3058
341,13.776662,9.248083,67.05351,76.35389
342,13.753103,9.219957,67.10727,76.40184
343,13.720408,9.188408,67.16089,76.44962
344,13.697237,9.16551,67.214424,76.497284
345,13.648832,9.1502905,67.26776,76.54486
346,13.628525,9.142624,67.32102,76.59241
347,13.568107,9.122418,67.37405,76.63985
348,13.5444355,9.0920725,67.42699,76.687126
349,13.519198,9.066209,67.47982,76.734276
350,13.478924,9.044367,67.5325,76.7813
351,13.447654,8.985518,67.58505,76.828026
352,13.386137,8.979533,67.63737,76.874725
353,13.368992,8.956426,67.68961,76.921295
354,13.343733,8.949551,67.74177,76.967834
355,13.287844,8.915013,67.79369,77.0142
356,13.272494,8.909051,67.84557,77.060524
357,13.268524,8.866819,67.89742,77.106636
358,13.212,8.843107,67.94906,77.15262
359,13.189204,8.792974,68.00061,77.19835
360,13.162221,8.772429,68.05204,77.24397
361,13.157101,8.765515,68.10346,77.28955
362,13.12302,8.72814,68.15475,77.33494
363,13.098557,8.722985,68.20594,77.3803
364,13.057692,8.702952,68.25697,77.42555
365,13.013526,8.680478,68.30783,77.470695
366,13.002029,8.664718,68.35864,77.51576
367,12.977456,8.640136,68.40936,77.56069
368,12.942551,8.612038,68.45994,77.60548
369,12.927407,8.580813,68.51047,77.65009
370,12.907092,8.558396,68.560905,77.6946
371,12.877745,8.537918,68.61123,77.739006
372,12.859148,8.501139,68.66149,77.78321
373,12.840647,8.492634,68.71166,77.82737
374,12.816589,8.467942,68.76176,77.87141
375,12.802684,8.456245,68.81179,77.915375
376,12.7762985,8.430851,68.86172,77.95922
377,12.752516,8.396367,68.91156,78.002884
378,12.706216,8.38682,68.96121,78.04649
379,12.684878,8.373881,69.010796,78.09005
380,12.645768,8.355498,69.06022,78.13349
381,12.6003895,8.340416,69.10946,78.17687
382,12.58394,8.301767,69.15864,78.22004
383,12.574565,8.276512,69.20778,78.26308
384,12.546793,8.258748,69.25682,78.30602
385,12.5098505,8.225689,69.3057,78.3488
386,12.484577,8.222288,69.3545,78.39156
387,12.473656,8.19379,69.40325,78.43417
388,12.452008,8.177201,69.45191,78.47669
389,12.43539,8.139923,69.50051,78.51902
390,12.418564,8.12202,69.54904,78.56125
391,12.385871,8.094193,69.59745,78.60334
392,12.373623,8.076665,69.645805,78.64535
393,12.306226,8.068279,69.6939,78.6873
394,12.301027,8.012926,69.741974,78.72897
395,12.26226,8.006986,69.7899,78.77061
396,12.209344,7.9870625,69.83761,78.81214
397,12.202726,7.980907,69.8853,78.853645
398,12.170086,7.9612913,69.93286,78.89504
399,12.137714,7.9506493,69.9803,78.936386
400,12.115057,7.936441,70.02765,78.97766
401,12.091324,7.9090686,70.07491,79.01878
402,12.05851,7.896182,70.12204,79.05985
403,12.025851,7.8563213,70.16903,79.1007
404,11.976658,7.8471065,70.215836,79.14151
405,11.972883,7.819759,70.26263,79.182175
406,11.966384,7.806677,70.309395,79.22277
407,11.9553385,7.7915974,70.35612,79.26329
408,11.90874,7.7838945,70.40266,79.303764
409,11.871338,7.753119,70.44905,79.344086
410,11.847288,7.743418,70.49535,79.38435
411,11.811615,7.6999903,70.54152,79.42439
412,11.800001,7.694712,70.58764,79.46441
413,11.789483,7.6694837,70.63371,79.504295
414,11.7632065,7.6428437,70.67969,79.54404
415,11.740257,7.6378427,70.72557,79.583755
416,11.7164345,7.6330442,70.77136,79.62344
417,11.696388,7.61542,70.81708,79.66305
418,11.674877,7.5826344,70.8627,79.702484
419,11.641882,7.5774403,70.9082,79.74188
420,11.603274,7.5279746,70.95355,79.78103
421,11.576737,7.5231876,70.998795,79.82015
422,11.565823,7.5105634,71.044,79.859215
423,11.539724,7.492258,71.089096,79.89817
424,11.524057,7.476654,71.13413,79.93706
425,11.517711,7.452997,71.17914,79.97581
426,11.4688425,7.424224,71.22396,80.01442
427,11.461212,7.4115796,71.26875,80.052956
428,11.43792,7.4021416,71.31345,80.09145
429,11.409837,7.376754,71.35805,80.129814
430,11.401304,7.356206,71.4026,80.16807
431,11.372742,7.346609,71.44705,80.20627
432,11.339152,7.3274055,71.49137,80.24438
433,11.330533,7.308715,71.535645,80.28239
434,11.312966,7.303249,71.57986,80.320366
435,11.28097,7.265035,71.62395,80.35814
436,11.275205,7.253936,71.668015,80.39586
437,11.2529955,7.231556,71.71199,80.43347
438,11.217403,7.2149873,71.75583,80.470985
439,11.204305,7.2072077,71.79962,80.50846
440,11.179648,7.193137,71.843315,80.545876
441,11.152243,7.17587,71.886894,80.58318
442,11.134669,7.155384,71.93041,80.6204
443,11.110834,7.140629,71.97384,80.65753
444,11.096284,7.135444,72.017204,80.69464
445,11.090721,7.128756,72.06055,80.73171
446,11.055932,7.1045527,72.10375,80.768654
447,11.035447,7.0898952,72.14688,80.80552
448,11.018726,7.057969,72.18995,80.842224
449,11.017264,7.0368333,72.23301,80.878815
450,10.992342,7.021371,72.27597,80.91533
451,10.970053,7.0043235,72.31884,80.95175
452,10.959088,6.991568,72.36167,80.988106
453,10.913048,6.9781146,72.40432,81.0244
454,10.902451,6.9489126,72.44692,81.06054
455,10.878008,6.9354157,72.48944,81.0966
456,10.838883,6.9264026,72.53181,81.13262
457,10.831065,6.9142876,72.574135,81.16858
458,10.793123,6.901092,72.61632,81.20447
459,10.789082,6.8779855,72.658485,81.240234
460,10.768958,6.8613586,72.70058,81.27591
461,10.761528,6.845288,72.74263,81.311516
462,10.742753,6.8350477,72.784615,81.34706
463,10.706011,6.8056655,72.82645,81.38245
464,10.688542,6.7986193,72.868225,81.4178
465,10.668569,6.7848997,72.90992,81.45309
466,10.643567,6.7637763,72.951515,81.48826
467,10.610642,6.7506123,72.99299,81.52337
468,10.598628,6.7385693,73.03441,81.55841
469,10.562391,6.7218018,73.07568,81.59336
470,10.551904,6.6992264,73.11693,81.628204
471,10.515378,6.6844745,73.15802,81.66296
472,10.494792,6.6674137,73.199036,81.69763
473,10.485444,6.6495695,73.24002,81.73221
474,10.46153,6.645382,73.2809,81.76677
475,10.453077,6.6135554,73.321754,81.801155
476,10.432996,6.599153,73.36253,81.83548
477,10.417181,6.5744095,73.403244,81.86966
478,10.409269,6.5458612,73.443924,81.9037
479,10.389113,6.541219,73.48453,81.93772
480,10.361856,6.5274167,73.525024,81.971664
481,10.350654,6.521368,73.56548,82.00558
482,10.337581,6.503769,73.60588,82.0394
483,10.316424,6.484723,73.646194,82.07312
484,10.302577,6.468793,73.68646,82.10676
485,10.281748,6.461808,73.72664,82.14036
486,10.261049,6.446116,73.76675,82.17388
487,10.247505,6.4412203,73.8068,82.207375
488,10.23248,6.402537,73.84679,82.24067
489,10.217123,6.396483,73.88671,82.27393
490,10.19962,6.3758216,73.926575,82.30709
491,10.186192,6.366105,73.966385,82.340195
492,10.168147,6.348463,74.00613,82.373215
493,10.147291,6.3404818,74.04578,82.40619
494,10.141079,6.3319306,74.0854,82.43911
495,10.11071,6.3239255,74.12492,82.47201
496,10.086224,6.289769,74.16434,82.504715
497,10.078637,6.278174,74.20373,82.53736
498,10.056114,6.2662163,74.24303,82.569954
499,10.044825,6.2545295,74.28229,82.60248
500,9.9962845,6.2447467,74.32136,82.63496
501,9.992383,6.2214537,74.360405,82.667305
502,9.982615,6.212878,74.399414,82.69961
503,9.958953,6.1979313,74.43834,82.73185
504,9.927135,6.1851873,74.477135,82.76401
505,9.914673,6.1739,74.515884,82.79611
506,9.893336,6.1626344,74.55454,82.82817
507,9.873759,6.1522684,74.593124,82.86016
508,9.854576,6.1374373,74.631645,82.892075
509,9.851357,6.118132,74.67014,82.92389
510,9.843766,6.1094713,74.70862,82.955666
511,9.826025,6.0980206,74.74702,82.98737
512,9.806148,6.0723133,74.78535,83.01895
513,9.785105,6.060624,74.82359,83.05046
514,9.767115,6.044713,74.86176,83.0819
515,9.757686,6.0323615,74.899895,83.11327
516,9.744863,6.026541,74.93797,83.14461
517,9.73574,6.0070577,74.97603,83.17585
518,9.7113905,5.9973416,75.01398,83.20703
519,9.682938,5.983521,75.05183,83.238144
520,9.668979,5.9645333,75.089615,83.269165
521,9.664974,5.957779,75.12739,83.30015
522,9.629507,5.946554,75.165016,83.33107
523,9.621064,5.9403896,75.202614,83.36196
524,9.611168,5.9212,75.24018,83.392746
525,9.581829,5.9048924,75.277626,83.42346
526,9.566001,5.895656,75.31502,83.45412
527,9.557967,5.8774695,75.35237,83.48468
528,9.534929,5.867204,75.38963,83.5152
529,9.524163,5.850673,75.42686,83.545616
530,9.49511,5.844011,75.46396,83.57601
531,9.475681,5.82899,75.50099,83.60632
532,9.458801,5.8195324,75.537964,83.63658
533,9.448791,5.8055263,75.57489,83.66678
534,9.441977,5.793196,75.61179,83.6969
535,9.411963,5.773573,75.64857,83.72692
536,9.400931,5.7708054,75.68531,83.75693
537,9.397369,5.7582383,75.72203,83.78687
538,9.371625,5.751014,75.75866,83.81677
539,9.355111,5.737105,75.79522,83.84661
540,9.348988,5.718286,75.83176,83.87635
541,9.338398,5.7109675,75.868256,83.90605
542,9.312131,5.6904655,75.90465,83.93564
543,9.278391,5.683962,75.94092,83.965195
544,9.270347,5.6659665,75.977135,83.99466
545,9.264945,5.6526337,76.01335,84.024055
546,9.247284,5.6456523,76.04949,84.05341
547,9.222555,5.628012,76.08553,84.08268
548,9.207671,5.6159215,76.12152,84.11189
549,9.183916,5.6025314,76.15741,84.14102
550,9.179104,5.592571,76.19329,84.170105
551,9.155887,5.5898423,76.22907,84.19917
552,9.14796,5.5626025,76.264824,84.2281
553,9.134271,5.557402,76.30052,84.257
554,9.1185055,5.5432963,76.33616,84.28582
555,9.093433,5.5402503,76.371704,84.31464
556,9.08624,5.527087,76.40721,84.343376
557,9.070131,5.514019,76.44266,84.37205
558,9.06317,5.501026,76.47807,84.40066
559,9.032963,5.486212,76.51338,84.429184
560,9.023911,5.4811525,76.548645,84.45769
561,9.00656,5.465365,76.58384,84.486115
562,9.001703,5.457282,76.61902,84.51449
563,8.983411,5.4482565,76.65414,84.54282
564,8.960897,5.4383173,76.689156,84.571106
565,8.951045,5.424063,76.72414,84.59931
566,8.944251,5.413912,76.75909,84.627464
567,8.922965,5.403045,76.79397,84.65556
568,8.916714,5.392467,76.82881,84.68361
569,8.885583,5.3869896,76.86353,84.71162
570,8.875737,5.3815465,76.89822,84.73961
571,8.858187,5.3678575,76.93284,84.76752
572,8.831913,5.3501434,76.96735,84.79535
573,8.825154,5.332091,77.00184,84.823074
574,8.812731,5.3140965,77.03628,84.85071
575,8.79705,5.311575,77.070656,84.878334
576,8.781886,5.302394,77.10497,84.90591
577,8.776934,5.2941036,77.13928,84.93343
578,8.769167,5.281723,77.17355,84.9609
579,8.758855,5.269204,77.20779,84.988304
580,8.732064,5.263511,77.24191,85.01568
581,8.712452,5.242734,77.27596,85.04294
582,8.701068,5.242076,77.309975,85.0702
583,8.683284,5.228504,77.3439,85.09739
584,8.677459,5.220617,77.37782,85.124535
585,8.67316,5.2048497,77.41172,85.15161
586,8.647835,5.195254,77.44552,85.17863
587,8.636427,5.1889105,77.47927,85.205605
588,8.609589,5.170481,77.51292,85.23249
589,8.596468,5.163681,77.54651,85.25935
590,8.578719,5.151861,77.58003,85.28614
591,8.566585,5.132948,77.61352,85.312836
592,8.559654,5.128954,77.64697,85.33951
593,8.547654,5.1185737,77.680374,85.36613
594,8.538695,5.111395,77.713745,85.39271
595,8.520814,5.104285,77.74705,85.41924
596,8.517472,5.084634,77.780334,85.44568
597,8.492723,5.0827928,77.81353,85.472115
598,8.47345,5.060093,77.84664,85.49843
599,8.452242,5.048989,77.87967,85.52468
600,8.447588,5.0469656,77.91269,85.55093
601,8.4406185,5.024624,77.94568,85.57706
602,8.425882,5.020996,77.97861,85.60317
603,8.4101715,5.0037427,78.011475,85.62919
604,8.383735,4.9943156,78.044235,85.65517
605,8.374645,4.984819,78.076965,85.68108
606,8.353171,4.9794016,78.10961,85.70697
607,8.346877,4.9680996,78.142235,85.73281
608,8.3404045,4.9594555,78.17483,85.7586
609,8.327272,4.9516764,78.20738,85.78435
610,8.314256,4.9428954,78.23987,85.81006
611,8.304918,4.929836,78.27233,85.83569
612,8.284775,4.9235797,78.30471,85.8613
613,8.272287,4.922383,78.337036,85.88689
614,8.253863,4.908586,78.36929,85.912415
615,8.239458,4.9014215,78.4015,85.93791
616,8.232604,4.890847,78.43367,85.96334
617,8.22151,4.8808837,78.4658,85.98872
618,8.201,4.8699007,78.49785,86.01404
619,8.187909,4.8605595,78.52985,86.03932
620,8.180481,4.8504047,78.56181,86.064545
621,8.174121,4.835005,78.59376,86.08969
622,8.156031,4.825726,78.62563,86.11479
623,8.1371355,4.8239627,78.65743,86.13987
624,8.126475,4.8017025,78.68919,86.16484
625,8.116528,4.7983904,78.72092,86.1898
626,8.112976,4.7904816,78.752625,86.21471
627,8.089287,4.785192,78.78424,86.23959
628,8.080788,4.7540503,78.81582,86.26431
629,8.066834,4.74507,78.84734,86.28899
630,8.047906,4.7319775,78.8788,86.31359
631,8.042789,4.729797,78.91023,86.33819
632,8.026127,4.7198634,78.9416,86.36274
633,8.013699,4.7085896,78.972916,86.38723
634,7.9997153,4.7001686,79.00418,86.41167
635,7.996345,4.6888504,79.03543,86.43605
636,7.975169,4.685622,79.0666,86.46042
637,7.956323,4.67961,79.097694,86.48475
638,7.9435515,4.674525,79.12874,86.509056
639,7.9355636,4.6573215,79.15975,86.53329
640,7.911696,4.651126,79.190674,86.557465
641,7.908173,4.6365566,79.22158,86.58157
642,7.905233,4.628384,79.25247,86.60565
643,7.8809357,4.624107,79.28327,86.6297
644,7.8781815,4.6140747,79.314064,86.65369
645,7.8679643,4.604419,79.34481,86.67763
646,7.8619356,4.5968294,79.37553,86.70154
647,7.8511305,4.593655,79.40622,86.725426
648,7.834781,4.5784135,79.43684,86.74924
649,7.8199415,4.572956,79.46739,86.77301
650,7.8084984,4.5651903,79.49791,86.796745
651,7.7939925,4.556228,79.52837,86.82044
652,7.78057,4.550857,79.558784,86.84411
653,7.769809,4.5334754,79.58916,86.86768
654,7.761829,4.5215626,79.619484,86.8912
655,7.7440567,4.514193,79.64975,86.914665
656,7.7336774,4.511189,79.67998,86.938126
657,7.7144885,4.4997573,79.71013,86.961525
658,7.7022405,4.4959326,79.740234,86.98491
659,7.6960993,4.4821577,79.77031,87.00822
660,7.6852727,4.477133,79.80035,87.031494
661,7.676472,4.462164,79.83034,87.0547
662,7.6630955,4.4484215,79.8603,87.07784
663,7.6507783,4.4426475,79.89019,87.100945
664,7.6444693,4.435294,79.920074,87.124016
665,7.631226,4.4331827,79.94989,87.14707
666,7.617941,4.4210606,79.97966,87.17007
667,7.6087856,4.416528,80.0094,87.19303
668,7.601176,4.407498,80.03911,87.21596
669,7.5885468,4.3966527,80.06876,87.238815
670,7.5687904,4.393756,80.09834,87.26167
671,7.559877,4.3860183,80.127884,87.284485
672,7.5540137,4.3677516,80.15741,87.3072
673,7.544122,4.3547697,80.1869,87.32984
674,7.530505,4.351059,80.21633,87.35247
675,7.5247297,4.339159,80.24574,87.37504
676,7.5101433,4.3353662,80.27509,87.39759
677,7.5010104,4.325102,80.30441,87.420074
678,7.495738,4.3117228,80.3337,87.4425
679,7.4634643,4.297518,80.36288,87.46484
680,7.4552736,4.2960286,80.392006,87.48719
681,7.449093,4.2914214,80.42112,87.50951
682,7.442053,4.2790728,80.4502,87.53176
683,7.4293633,4.2766542,80.47924,87.55399
684,7.41679,4.2732673,80.508224,87.57622
685,7.4149528,4.2563252,80.53719,87.59836
686,7.406202,4.2545595,80.56614,87.620476
687,7.3771334,4.2462354,80.59497,87.642555
688,7.370894,4.238647,80.62378,87.66459
689,7.362749,4.2348065,80.65256,87.686615
690,7.3442826,4.2293377,80.68126,87.7086
691,7.3355565,4.223658,80.70993,87.73057
692,7.3339305,4.215417,80.73859,87.75249
693,7.3143215,4.2080197,80.76717,87.774376
694,7.3090863,4.1927557,80.79574,87.79618
695,7.3048205,4.1860747,80.82429,87.817955
696,7.292674,4.1727176,80.85279,87.839645
697,7.2750964,4.160103,80.88122,87.861275
698,7.2676682,4.159342,80.90962,87.88291
699,7.2582045,4.149664,80.93799,87.904495
700,7.235077,4.1402645,80.96626,87.926025
701,7.2296224,4.13788,80.994514,87.94755
702,7.216377,4.124375,81.02273,87.969
703,7.2052765,4.119959,81.05088,87.99042
704,7.1921983,4.1122627,81.07899,88.0118
705,7.1812406,4.105294,81.107056,88.03315
706,7.167342,4.101114,81.13507,88.05448
707,7.166109,4.0940223,81.16307,88.07577
708,7.159873,4.0833435,81.191055,88.09701
709,7.150671,4.0792513,81.219,88.118225
710,7.138368,4.0632935,81.2469,88.13935
711,7.12679,4.058632,81.27475,88.16045
712,7.117595,4.052879,81.30257,88.181526
713,7.105037,4.0493712,81.33034,88.20259
714,7.089938,4.041658,81.35805,88.223595
715,7.0787706,4.0286465,81.38571,88.24455
716,7.075736,4.0253043,81.41336,88.26549
717,7.069591,4.016969,81.440994,88.28638
718,7.065271,4.0060673,81.468605,88.30721
719,7.052102,3.9966788,81.49617,88.327995
720,7.0397844,3.994833,81.523674,88.34876
721,7.022978,3.9908187,81.551125,88.36951
722,7.0180707,3.9869487,81.57855,88.390236
723,7.0025425,3.9785597,81.60591,88.41093
724,6.9945254,3.973822,81.63325,88.4316
725,6.9858556,3.9653673,81.66055,88.45222
726,6.9756675,3.953852,81.68782,88.47277
727,6.963858,3.9488778,81.71503,88.49331
728,6.943674,3.941144,81.742165,88.51381
729,6.9410954,3.9363842,81.769295,88.53427
730,6.9330683,3.9216464,81.796394,88.55467
731,6.921502,3.9189978,81.82344,88.57506
732,6.8998218,3.9053714,81.85041,88.59536
733,6.893495,3.893193,81.87735,88.61561
734,6.886912,3.8885605,81.90426,88.63583
735,6.8769183,3.8840642,81.93114,88.65603
736,6.8643036,3.8802593,81.95797,88.67621
737,6.8585777,3.8663666,81.98478,88.69633
738,6.837755,3.8638906,82.0115,88.71641
739,6.8348026,3.8622065,82.038216,88.73649
740,6.824582,3.8490443,82.06487,88.75651
741,6.811787,3.8441653,82.0915,88.7765
742,6.8036494,3.8384476,82.11809,88.796455
743,6.79879,3.8310893,82.14466,88.81638
744,6.7889977,3.8290718,82.17119,88.836296
745,6.7792697,3.8144782,82.197685,88.856125
746,6.7703156,3.8095639,82.224144,88.87593
747,6.76428,3.8000028,82.25057,88.8957
748,6.7538686,3.7913597,82.27697,88.91541
749,6.742926,3.785444,82.30332,88.9351
750,6.737062,3.7757204,82.32964,88.95473
751,6.732968,3.7734873,82.35596,88.97436
752,6.7186294,3.7684648,82.38222,88.99395
753,6.707687,3.7585247,82.40843,89.01349
754,6.6863246,3.7483914,82.434555,89.032974
755,6.679335,3.746756,82.46066,89.05245
756,6.6703334,3.7319539,82.48673,89.07186
757,6.6571827,3.7238083,82.51274,89.09123
758,6.6510777,3.720565,82.53873,89.11058
759,6.641261,3.7153778,82.56469,89.1299
760,6.6318483,3.7045023,82.59061,89.14917
761,6.6287866,3.7017279,82.61651,89.16841
762,6.6232033,3.6928856,82.6424,89.18762
763,6.6200724,3.687865,82.66827,89.206795
764,6.6054273,3.6843357,82.69408,89.22595
765,6.589584,3.6763408,82.71983,89.24506
766,6.5793877,3.671168,82.745544,89.26416
767,6.5692215,3.6703515,82.771225,89.28325
768,6.5663357,3.6555972,82.79688,89.30226
769,6.55825,3.6543188,82.82252,89.32126
770,6.550928,3.6519842,82.848114,89.340256
771,6.5474954,3.6379502,82.8737,89.35918
772,6.53172,3.6361308,82.89922,89.37809
773,6.5181303,3.624908,82.9247,89.39694
774,6.5132775,3.6154964,82.95016,89.41574
775,6.503806,3.6109269,82.97557,89.434525
776,6.497725,3.6062355,83.00098,89.45327
777,6.4840984,3.6032126,83.026306,89.47201
778,6.4803452,3.5937972,83.051636,89.4907
779,6.4757333,3.5891285,83.07695,89.50937
780,6.455225,3.5749514,83.10217,89.527954
781,6.44984,3.572541,83.12738,89.54653
782,6.446717,3.5637987,83.15258,89.56507
783,6.4276752,3.5573337,83.177704,89.58356
784,6.422732,3.5540938,83.202805,89.60205
785,6.41535,3.548705,83.227875,89.6205
786,6.404635,3.5457902,83.25291,89.63894
787,6.398578,3.5403671,83.27791,89.65735
788,6.386478,3.536408,83.30287,89.67574
789,6.3737903,3.5309956,83.327774,89.69411
790,6.3724318,3.5271144,83.35268,89.71245
791,6.351922,3.5190241,83.3775,89.73075
792,6.339973,3.5086043,83.40228,89.74899
793,6.332762,3.5052292,83.42703,89.76723
794,6.321495,3.4904099,83.45173,89.78538
795,6.3129444,3.488722,83.47641,89.80351
796,6.3125997,3.4830039,83.50107,89.82162
797,6.2949224,3.4731915,83.52567,89.83968
798,6.2914257,3.469303,83.55026,89.85772
799,6.280111,3.4618733,83.57481,89.87572
800,6.2787623,3.457677,83.59934,89.89369
801,6.266692,3.4470997,83.62383,89.91162
802,6.260326,3.4291546,83.6483,89.92945
803,6.252113,3.4236012,83.67274,89.947266
804,6.240406,3.423474,83.69712,89.96507
805,6.224962,3.4181225,83.72145,89.98284
806,6.220474,3.4108384,83.74576,90.00057
807,6.203428,3.4047627,83.77001,90.01827
808,6.1946025,3.3998368,83.79422,90.03596
809,6.190328,3.3960073,83.818405,90.05362
810,6.186259,3.3899965,83.84258,90.07125
811,6.1824164,3.3860428,83.86674,90.08887
812,6.159987,3.383241,83.89081,90.10645
813,6.1565223,3.3761454,83.91488,90.12402
814,6.1499033,3.3724263,83.93891,90.141556
815,6.141123,3.3714623,83.962906,90.15909
816,6.1306467,3.3627648,83.98687,90.17658
817,6.124105,3.3588507,84.01081,90.194046
818,6.11981,3.352252,84.03472,90.21147
819,6.1094675,3.34442,84.05859,90.22887
820,6.1002665,3.3373625,84.082436,90.24622
821,6.0946445,3.331623,84.10625,90.26355
822,6.088216,3.3289783,84.13005,90.28086
823,6.0737214,3.3235245,84.15378,90.29814
824,6.0687466,3.31925,84.177505,90.3154
825,6.0590367,3.3081522,84.20118,90.33261
826,6.0507493,3.3022277,84.22482,90.349785
827,6.038805,3.2964156,84.24843,90.36692
828,6.0331373,3.2905345,84.272,90.38404
829,6.0192776,3.2843063,84.29553,90.40112
830,6.004888,3.280974,84.319,90.41818
831,5.999285,3.2723167,84.342445,90.4352
832,5.9960656,3.2687056,84.36588,90.4522
833,5.9928856,3.263832,84.389305,90.46917
834,5.9886484,3.2547421,84.412704,90.48609
835,5.981585,3.25317,84.43609,90.50301
836,5.968602,3.2473438,84.459404,90.519905
837,5.9673924,3.2390199,84.48273,90.53674
838,5.9545546,3.2342138,84.506004,90.553566
839,5.9470015,3.2303426,84.52924,90.570366
840,5.9427767,3.2264278,84.55247,90.58714
841,5.9312367,3.22136,84.57565,90.60389
842,5.924508,3.2135618,84.59881,90.6206
843,5.9191256,3.2121768,84.62195,90.63731
844,5.9049997,3.203002,84.64501,90.65396
845,5.899026,3.198092,84.668076,90.67059
846,5.891556,3.1924138,84.69109,90.687195
847,5.8800774,3.1823015,84.71407,90.70374
848,5.875887,3.1808937,84.73703,90.72028
849,5.8617806,3.1711576,84.75994,90.736786
850,5.8552775,3.1684291,84.78282,90.75326
851,5.847231,3.1646903,84.80568,90.76971
852,5.837262,3.1557167,84.82849,90.786125
853,5.833792,3.1526215,84.851295,90.80251
854,5.8195076,3.1441953,84.87404,90.81887
855,5.812507,3.1421258,84.89676,90.83521
856,5.8062587,3.1390011,84.91946,90.85153
857,5.8019414,3.1303573,84.94213,90.86781
858,5.7925916,3.1234114,84.96477,90.884056
859,5.781859,3.1223795,84.98736,90.9003
860,5.7796154,3.1185188,85.00995,90.91651
861,5.7680883,3.1059415,85.032486,90.93266
862,5.7641473,3.0998805,85.055016,90.948784
863,5.7539763,3.0986507,85.0775,90.964905
864,5.7507052,3.095801,85.09997,90.980995
865,5.739347,3.090605,85.122406,90.99707
866,5.7355328,3.0832112,85.14483,91.0131
867,5.727451,3.0798972,85.1672,91.02912
868,5.706429,3.072965,85.18951,91.0451
869,5.705826,3.059936,85.2118,91.06102
870,5.6937714,3.0549476,85.23406,91.0769
871,5.690749,3.0541258,85.256294,91.09278
872,5.676373,3.0431833,85.27847,91.108604
873,5.671947,3.04188,85.300644,91.12442
874,5.6692843,3.0388436,85.32281,91.14022
875,5.653568,3.0340178,85.3449,91.156
876,5.652004,3.0263906,85.367,91.171745
877,5.6500125,3.0191736,85.38908,91.18745
878,5.6413326,3.0150666,85.41112,91.203125
879,5.623814,3.011775,85.43309,91.21879
880,5.615274,3.0089054,85.45505,91.234436
881,5.612514,3.0060468,85.47698,91.25007
882,5.6103163,2.9996219,85.49891,91.26567
883,5.6055923,2.9902158,85.52081,91.28122
884,5.600864,2.9876363,85.542694,91.29676
885,5.596045,2.9799135,85.564575,91.312256
886,5.581823,2.978214,85.58639,91.32775
887,5.5704255,2.9665165,85.608154,91.34318
888,5.5588064,2.9630418,85.629875,91.35859
889,5.555215,2.9568026,85.65159,91.37396
890,5.5479817,2.9540064,85.67328,91.38932
891,5.5369544,2.9505315,85.69491,91.40467
892,5.5346375,2.944028,85.71654,91.41997
893,5.530746,2.9377158,85.73816,91.43524
894,5.5121884,2.9355912,85.759705,91.450516
895,5.508439,2.9336772,85.78123,91.46577
896,5.5039253,2.9294922,85.802734,91.481
897,5.497733,2.9193501,85.82423,91.496185
898,5.4916787,2.9158463,85.84569,91.51135
899,5.4823966,2.910178,85.86711,91.52648
900,5.472183,2.9082825,85.8885,91.54161
901,5.4695,2.9021418,85.909874,91.5567
902,5.464884,2.8995883,85.93124,91.571785
903,5.459214,2.8866644,85.95256,91.58679
904,5.4516015,2.8844001,85.97387,91.60179
905,5.4365864,2.8824286,85.995125,91.61679
906,5.435354,2.8788633,86.016365,91.63176
907,5.4290376,2.8714905,86.03758,91.64669
908,5.415053,2.8661668,86.05875,91.66159
909,5.4093432,2.862498,86.07989,91.676476
910,5.4045424,2.857356,86.10101,91.69134
911,5.3963804,2.8544416,86.12211,91.70618
912,5.3907,2.846739,86.14317,91.720985
913,5.383855,2.843881,86.164215,91.73577
914,5.382395,2.8398962,86.18526,91.75054
915,5.3691096,2.8367686,86.20624,91.76529
916,5.356241,2.833911,86.227165,91.78003
917,5.3497224,2.8290281,86.24808,91.79474
918,5.3431363,2.822852,86.26896,91.80941
919,5.339722,2.8184557,86.289825,91.824066
920,5.3363748,2.815217,86.310684,91.83871
921,5.323,2.811127,86.331474,91.85332
922,5.314876,2.8074207,86.35225,91.86791
923,5.305639,2.8043346,86.37298,91.8825
924,5.298723,2.7997365,86.39369,91.89705
925,5.295726,2.7915256,86.41439,91.91157
926,5.2896757,2.7863188,86.43505,91.92606
927,5.287752,2.7817268,86.45572,91.94052
928,5.280598,2.7813206,86.476364,91.95499
929,5.2794485,2.7763896,86.49699,91.96943
930,5.2697134,2.7687728,86.517586,91.983826
931,5.258753,2.7643323,86.53813,91.9982
932,5.253145,2.761129,86.55867,92.01256
933,5.249422,2.7569633,86.579185,92.02691
934,5.241905,2.7512398,86.59967,92.041214
935,5.2353106,2.7437508,86.620125,92.05549
936,5.2228456,2.7419791,86.64054,92.06974
937,5.218894,2.734984,86.660934,92.08397
938,5.212403,2.7314556,86.681305,92.098175
939,5.209153,2.730226,86.70167,92.11237
940,5.203245,2.723099,86.722,92.12653
941,5.2020597,2.7224016,86.74232,92.140686
942,5.185653,2.7140057,86.762596,92.15481
943,5.180174,2.706812,86.78284,92.168884
944,5.171565,2.7058797,86.80305,92.18295
945,5.1649523,2.7045271,86.82323,92.19702
946,5.1591163,2.697091,86.84338,92.211044
947,5.1510997,2.6890144,86.86351,92.22503
948,5.139124,2.6853037,86.8836,92.239
949,5.1360073,2.6827865,86.90368,92.25295
950,5.1341157,2.6759684,86.92374,92.26686
951,5.127866,2.6725926,86.94378,92.28076
952,5.118323,2.668713,86.96378,92.29463
953,5.1094337,2.6599658,86.98376,92.308464
954,5.107497,2.6575363,87.003716,92.322296
955,5.1003714,2.655091,87.023636,92.33609
956,5.087294,2.649646,87.04353,92.34988
957,5.078996,2.645387,87.06338,92.363625
958,5.0749407,2.6401114,87.083206,92.377365
959,5.0613527,2.6346884,87.10298,92.39107
960,5.0562057,2.6341486,87.12274,92.40476
961,5.046508,2.6263835,87.14246,92.41843
962,5.0407605,2.6249404,87.16217,92.432076
963,5.038751,2.6233604,87.18186,92.44572
964,5.036435,2.6152248,87.201546,92.45932
965,5.0304685,2.6143646,87.221214,92.472916
966,5.023541,2.6082942,87.240845,92.48647
967,5.020943,2.6045403,87.260475,92.50002
968,5.0142,2.603843,87.28006,92.513565
969,5.0032825,2.594075,87.29962,92.527054
970,4.9929814,2.5935133,87.31912,92.54054
971,4.9886255,2.5905225,87.33862,92.55401
972,4.9877834,2.586749,87.358116,92.56746
973,4.9741607,2.5814614,87.37756,92.58088
974,4.971294,2.5752943,87.39699,92.59428
975,4.965285,2.568587,87.41639,92.607635
976,4.958239,2.5657873,87.435776,92.62098
977,4.953902,2.5651684,87.455124,92.634315
978,4.9436736,2.55714,87.47444,92.64761
979,4.9404244,2.5536828,87.49375,92.66089
980,4.9385176,2.5469458,87.513054,92.67413
981,4.9348335,2.5445502,87.53234,92.68736
982,4.9302807,2.5388122,87.55161,92.70057
983,4.9121933,2.5356612,87.57081,92.71375
984,4.9033623,2.5325625,87.589966,92.72692
985,4.902834,2.5254533,87.60913,92.74006
986,4.898806,2.5242765,87.62828,92.753174
987,4.8867307,2.5198524,87.64738,92.76628
988,4.8855267,2.514556,87.66646,92.77935
989,4.883153,2.5111868,87.685555,92.79241
990,4.8713603,2.507048,87.70458,92.80546
991,4.865422,2.5030434,87.723595,92.81848
992,4.8614874,2.4958644,87.7426,92.83146
993,4.856035,2.4931402,87.76157,92.84441
994,4.8468294,2.4925318,87.78052,92.857376
995,4.8453293,2.4869106,87.79945,92.87031
996,4.8411484,2.4852595,87.81838,92.883224
997,4.829786,2.4817116,87.83726,92.89614
998,4.825525,2.4759333,87.85611,92.90901
999,4.815849,2.4743142,87.87494,92.92188
1000,4.8060517,2.4691763,87.89373,92.93472
1001,4.798427,2.4653006,87.912476,92.94753
1002,4.791057,2.4617934,87.931206,92.960335
1003,4.7883964,2.4561243,87.94992,92.973114
1004,4.7832675,2.4532306,87.96861,92.98587
1005,4.779859,2.4487362,87.98729,92.99861
1006,4.771589,2.446834,88.00594,93.01133
1007,4.7670274,2.437533,88.024574,93.024
1008,4.76183,2.4361572,88.043175,93.036674
1009,4.7559443,2.4318094,88.06177,93.04932
1010,4.7443876,2.4306622,88.08031,93.06195
1011,4.7405963,2.4221075,88.09884,93.074554
1012,4.7333965,2.4182053,88.11733,93.08712
1013,4.730184,2.414685,88.13582,93.09968
1014,4.7271676,2.4108608,88.15428,93.112206
1015,4.724457,2.4101665,88.17275,93.12474
1016,4.7189765,2.4030015,88.1912,93.13723
1017,4.708601,2.397557,88.209595,93.149704
1018,4.7008305,2.3962476,88.227974,93.16217
1019,4.695585,2.3945808,88.24632,93.17462
1020,4.692275,2.386706,88.26465,93.187035
1021,4.67953,2.38171,88.28294,93.19942
1022,4.671399,2.3784716,88.3012,93.211784
1023,4.6694574,2.3743117,88.31945,93.22414
1024,4.663013,2.3727276,88.33768,93.23647
1025,4.6585684,2.371907,88.35588,93.2488
1026,4.651393,2.368818,88.37406,93.26113
1027,4.641114,2.3648555,88.3922,93.27343
1028,4.633728,2.3570323,88.4103,93.28569
1029,4.6292324,2.354285,88.42839,93.29793
1030,4.622548,2.3493688,88.44646,93.31014
1031,4.6143227,2.3435264,88.46449,93.32233
1032,4.613245,2.3389819,88.48253,93.334496
1033,4.6064434,2.337212,88.50053,93.34665
1034,4.600683,2.330903,88.5185,93.35877
1035,4.5984216,2.328209,88.53648,93.37088
1036,4.5952544,2.3263698,88.55444,93.38297
1037,4.583406,2.3246267,88.57235,93.39506
1038,4.5781493,2.3231618,88.59025,93.407135
1039,4.5746293,2.318346,88.608116,93.4192
1040,4.5668945,2.3112693,88.62597,93.431206
1041,4.560707,2.3097973,88.64379,93.44323
1042,4.5583663,2.3055894,88.66161,93.45521
1043,4.5534115,2.300948,88.679405,93.46717
1044,4.54521,2.299616,88.69717,93.479126
1045,4.5398993,2.2980313,88.7149,93.49108
1046,4.5369487,2.2952876,88.732635,93.50301
1047,4.5278172,2.2915528,88.75033,93.51493
1048,4.52168,2.2873495,88.768,93.526825
1049,4.515421,2.2822971,88.785645,93.5387
1050,4.5139694,2.2780437,88.80328,93.55054
1051,4.5082126,2.2748618,88.8209,93.56237
1052,4.5025177,2.2715569,88.83849,93.57419
1053,4.5003963,2.2660825,88.85608,93.58597
1054,4.4889517,2.2618573,88.87363,93.597725
1055,4.4830127,2.2604039,88.89114,93.60948
1056,4.480416,2.2586062,88.90865,93.62122
1057,4.4713845,2.2533028,88.926125,93.63294
1058,4.470192,2.251476,88.943596,93.64465
1059,4.4672513,2.2454987,88.96105,93.656334
1060,4.460962,2.2422853,88.978485,93.66799
1061,4.456722,2.238188,88.9959,93.67963
1062,4.452307,2.232234,89.013306,93.69124
1063,4.4461303,2.2315347,89.030685,93.70285
1064,4.4363503,2.225503,89.04802,93.71442
1065,4.4341645,2.2250566,89.065346,93.72599
1066,4.43091,2.2169302,89.082664,93.73752
1067,4.426476,2.21515,89.09996,93.74903
1068,4.420185,2.2105176,89.11723,93.76053
1069,4.4085197,2.2083735,89.13446,93.77202
1070,4.4051404,2.2049513,89.15167,93.783485
1071,4.397935,2.199645,89.16886,93.79492
1072,4.3933578,2.1976483,89.186035,93.80634
1073,4.384416,2.1957047,89.20316,93.817764
1074,4.381044,2.191244,89.22029,93.82916
1075,4.368089,2.1869252,89.23736,93.84054
1076,4.3659735,2.1832125,89.25442,93.85189
1077,4.3604894,2.180922,89.27146,93.863235
1078,4.358972,2.1768258,89.2885,93.87456
1079,4.3514504,2.1750476,89.305504,93.88588
1080,4.3432364,2.1670885,89.32248,93.89715
1081,4.3386817,2.1664772,89.33943,93.90842
1082,4.328789,2.1629305,89.35635,93.919655
1083,4.3260713,2.1594017,89.37325,93.93089
1084,4.324288,2.1580486,89.39016,93.94211
1085,4.3237333,2.1544225,89.40705,93.953316
1086,4.312586,2.1510665,89.423904,93.9645
1087,4.312108,2.1500845,89.44076,93.97568
1088,4.306337,2.1448038,89.457596,93.98683
1089,4.2992644,2.14187,89.474396,93.99798
1090,4.2949915,2.137821,89.49118,94.009094
1091,4.289238,2.1338298,89.50794,94.0202
1092,4.281848,2.131394,89.52467,94.03127
1093,4.279854,2.1301262,89.5414,94.04236
1094,4.2760735,2.1244595,89.55811,94.053406
1095,4.274349,2.1231966,89.57481,94.064445
1096,4.2682343,2.1194415,89.591484,94.07547
1097,4.261572,2.1136253,89.60815,94.08646
1098,4.259435,2.1079576,89.624794,94.09741
1099,4.2534533,2.1071737,89.64141,94.108376
1100,4.250778,2.1044035,89.65802,94.119316
1101,4.247688,2.0989606,89.67462,94.13023
1102,4.239156,2.0972397,89.69119,94.14114
1103,4.233607,2.0932028,89.70773,94.15203
1104,4.2233233,2.0924602,89.724236,94.1629
1105,4.219768,2.0875275,89.74074,94.17377
1106,4.214594,2.0845826,89.75721,94.1846
1107,4.210231,2.0829062,89.77367,94.19543
1108,4.2060156,2.0817652,89.7901,94.20625
1109,4.2048826,2.0785398,89.80653,94.217064
1110,4.1975474,2.0721495,89.82294,94.22784
1111,4.1901402,2.0706377,89.83931,94.23861
1112,4.185366,2.0641344,89.85567,94.249344
1113,4.182136,2.0618927,89.87201,94.26006
1114,4.1699023,2.0585446,89.88831,94.270775
1115,4.166792,2.057232,89.90459,94.28146
1116,4.1575136,2.0529256,89.92084,94.292145
1117,4.1486664,2.0514843,89.93706,94.3028
1118,4.1462097,2.0439239,89.953255,94.31343
1119,4.141949,2.0402,89.969444,94.32404
1120,4.136303,2.0384593,89.98561,94.33465
1121,4.1352005,2.0357058,90.00177,94.34523
1122,4.130932,2.034151,90.017914,94.355804
1123,4.125107,2.029398,90.034035,94.366356
1124,4.1238403,2.0257459,90.05015,94.37689
1125,4.11228,2.0235622,90.066216,94.38741
1126,4.111708,2.020751,90.08229,94.39793
1127,4.1050487,2.016811,90.098335,94.40842
1128,4.103898,2.0127027,90.114365,94.418884
1129,4.0945034,2.0108435,90.13037,94.429344
1130,4.0910325,2.0043576,90.146355,94.439766
1131,4.0854473,2.0030732,90.16233,94.450195
1132,4.078929,2.0014591,90.17827,94.4606
1133,4.0724554,1.9987293,90.19418,94.47099
1134,4.066248,1.9937706,90.21007,94.48136
1135,4.063376,1.9922382,90.225945,94.49172
1136,4.0575824,1.9889868,90.2418,94.50206
1137,4.0538025,1.9869082,90.25765,94.51239
1138,4.0493965,1.9841293,90.273476,94.52271
1139,4.0460505,1.9822243,90.28928,94.53302
1140,4.04321,1.9790516,90.305084,94.54331
1141,4.0383725,1.9747013,90.32087,94.55357
1142,4.0329776,1.9723332,90.33663,94.56383
1143,4.0318103,1.9681374,90.352394,94.574066
1144,4.0280857,1.9629481,90.36813,94.58428
1145,4.0207167,1.9606788,90.38384,94.594475
1146,4.019152,1.9581912,90.39955,94.60467
1147,4.009204,1.9550712,90.41522,94.61483
1148,4.004499,1.9518478,90.43088,94.62498
1149,4.000219,1.9499105,90.44651,94.63512
1150,3.9990132,1.9454776,90.462135,94.645226
1151,3.9897103,1.9425384,90.47773,94.655334
1152,3.980658,1.9404671,90.49328,94.66543
1153,3.975064,1.9378793,90.50882,94.67551
1154,3.971544,1.9369237,90.52433,94.68558
1155,3.9699736,1.9323462,90.539856,94.695625
1156,3.962999,1.9268891,90.55534,94.70565
1157,3.956764,1.9234897,90.57081,94.71566
1158,3.954402,1.9209228,90.586266,94.72565
1159,3.9507642,1.9183693,90.6017,94.73563
1160,3.9452662,1.918219,90.61712,94.7456
1161,3.9381459,1.913549,90.63251,94.75555
1162,3.9365454,1.9110734,90.647896,94.76548
1163,3.9306407,1.9071968,90.66325,94.7754
1164,3.9248872,1.9063667,90.6786,94.78531
1165,3.9191422,1.9029523,90.69392,94.795204
1166,3.9173632,1.8993702,90.709236,94.80508
1167,3.9122722,1.8976887,90.72452,94.81495
1168,3.9101517,1.8954909,90.7398,94.8248
1169,3.9069123,1.8922805,90.755066,94.83464
1170,3.8992918,1.8901012,90.7703,94.844475
1171,3.8949153,1.8892134,90.78552,94.854294
1172,3.8890057,1.8865722,90.80073,94.864105
1173,3.8847387,1.8825372,90.81591,94.87389
1174,3.8809736,1.8813015,90.83107,94.883675
1175,3.8729775,1.876676,90.84621,94.89344
1176,3.8689659,1.8715001,90.86133,94.90317
1177,3.8601854,1.867679,90.8764,94.91288
1178,3.8549187,1.8658118,90.89148,94.922585
1179,3.850124,1.8644626,90.90652,94.93228
1180,3.8431177,1.8572714,90.92155,94.94194
1181,3.8415036,1.8569971,90.93656,94.9516
1182,3.8348703,1.8514259,90.95154,94.96123
1183,3.8327632,1.8501875,90.966515,94.97084
1184,3.8305523,1.8481611,90.98148,94.98045
1185,3.8253934,1.8455316,90.996445,94.99005
1186,3.8203578,1.8443273,91.011375,94.99963
1187,3.817408,1.8366401,91.02629,95.009186
1188,3.814223,1.8339518,91.04121,95.01872
1189,3.806331,1.8317388,91.05608,95.02825
1190,3.800428,1.829466,91.07093,95.037766
1191,3.7978158,1.8274006,91.08578,95.04727
1192,3.7957563,1.8227538,91.10061,95.05675
1193,3.793513,1.8186619,91.115425,95.06621
1194,3.7881615,1.8166019,91.13023,95.07565
1195,3.7828803,1.8150685,91.14502,95.08509
1196,3.7802494,1.8127803,91.15978,95.09451
1197,3.7743716,1.8094174,91.17454,95.10391
1198,3.7704592,1.8083589,91.18927,95.11332
1199,3.7697725,1.801741,91.203995,95.12269
1200,3.7592273,1.7999924,91.21869,95.13205
1201,3.7535815,1.7998409,91.23337,95.14141
1202,3.7460458,1.7980076,91.248,95.150764
1203,3.7434855,1.7941964,91.26264,95.1601
1204,3.740666,1.7916518,91.27725,95.16942
1205,3.7335818,1.7894092,91.291855,95.17872
1206,3.731825,1.7867512,91.30644,95.18801
1207,3.7300909,1.7836268,91.321014,95.19728
1208,3.7235723,1.7813498,91.33556,95.20654
1209,3.7196803,1.7781321,91.35009,95.21579
1210,3.7132866,1.7753223,91.36461,95.22503
1211,3.7097237,1.7730598,91.379105,95.234245
1212,3.7061732,1.7721354,91.39359,95.24346
1213,3.7030604,1.7683572,91.40806,95.252655
1214,3.699015,1.7646803,91.42252,95.26183
1215,3.6943593,1.7623938,91.43696,95.270996
1216,3.6898448,1.7608433,91.451385,95.28016
1217,3.6863692,1.7569371,91.46578,95.28929
1218,3.6816828,1.7548628,91.48018,95.298416
1219,3.6748555,1.7532276,91.49454,95.30753
1220,3.6728415,1.746265,91.50889,95.31661
1221,3.6623943,1.7445405,91.5232,95.32569
1222,3.6599696,1.7440585,91.537506,95.334755
1223,3.6546478,1.741375,91.55178,95.34382
1224,3.6502218,1.7386259,91.566055,95.35285
1225,3.6469514,1.7364885,91.5803,95.361885
1226,3.6427743,1.7347776,91.594536,95.3709
1227,3.6376011,1.7339755,91.60876,95.37992
1228,3.6354337,1.730443,91.62296,95.38892
1229,3.6307344,1.726727,91.637146,95.3979
1230,3.6292481,1.7247032,91.65134,95.406876
1231,3.6189847,1.7209662,91.665474,95.41582
1232,3.6140099,1.7162956,91.679596,95.42475
1233,3.6089084,1.7144037,91.693695,95.43366
1234,3.6083858,1.7114491,91.707794,95.44256
1235,3.6030486,1.7088592,91.721886,95.45145
1236,3.601846,1.707337,91.735954,95.46033
1237,3.596163,1.7057452,91.750015,95.46919
1238,3.591817,1.7012769,91.764046,95.478035
1239,3.589637,1.6997516,91.778076,95.48687
1240,3.5845695,1.6965781,91.79208,95.4957
1241,3.5813549,1.6951526,91.80608,95.50451
1242,3.5797787,1.6917598,91.820076,95.51331
1243,3.575749,1.689757,91.834045,95.522095
1244,3.5700085,1.687401,91.848,95.53087
1245,3.5642962,1.6831578,91.86193,95.53963
1246,3.5636058,1.6801708,91.87586,95.54836
1247,3.5567284,1.677533,91.88977,95.55709
1248,3.5511703,1.6757495,91.90364,95.5658
1249,3.5454218,1.6745791,91.917496,95.57451
1250,3.540919,1.6736186,91.931335,95.58321
1251,3.5377502,1.6697152,91.94516,95.591896
1252,3.5354264,1.6685215,91.95897,95.60057
1253,3.528376,1.6643507,91.97277,95.60922
1254,3.5248926,1.663703,91.98654,95.617874
1255,3.5205657,1.6582935,92.00031,95.626495
1256,3.519414,1.655581,92.01407,95.63511
1257,3.5088475,1.6529167,92.02778,95.6437
1258,3.5080748,1.6499879,92.0415,95.65228
1259,3.5025725,1.6491194,92.05517,95.66086
1260,3.4982622,1.6459726,92.06885,95.66942
1261,3.4910154,1.6423376,92.08249,95.67796
1262,3.4895415,1.638088,92.09613,95.686485
1263,3.485229,1.6348283,92.10974,95.694984
1264,3.4817655,1.6341969,92.12335,95.70348
1265,3.4788249,1.6312757,92.13695,95.71197
1266,3.4722235,1.6280154,92.15052,95.720436
1267,3.4653964,1.6274347,92.16406,95.7289
1268,3.4624205,1.6259072,92.1776,95.73734
1269,3.458405,1.6240791,92.19112,95.7458
1270,3.4558055,1.6209128,92.20462,95.75423
1271,3.4493825,1.619611,92.218094,95.76264
1272,3.4474833,1.6173311,92.23157,95.77106
1273,3.4458787,1.6141183,92.245026,95.77945
1274,3.4400449,1.6126045,92.25848,95.787834
1275,3.4368265,1.6083167,92.271904,95.796196
1276,3.4330497,1.6062421,92.28533,95.80454
1277,3.4300816,1.604148,92.29873,95.81289
1278,3.4279575,1.6015466,92.31213,95.82121
1279,3.4241507,1.5993395,92.32551,95.82953
1280,3.422986,1.5982525,92.33889,95.83784
1281,3.4152753,1.5972922,92.35224,95.846146
1282,3.410403,1.5962542,92.36556,95.85444
1283,3.4060707,1.5912125,92.37888,95.862724
1284,3.404435,1.5906489,92.39218,95.870995
1285,3.398723,1.5877204,92.40547,95.87925
1286,3.396756,1.5828996,92.41874,95.887474
1287,3.391503,1.5815783,92.43199,95.8957
1288,3.3881104,1.5803057,92.44524,95.903915
1289,3.3794582,1.5799052,92.45844,95.91213
1290,3.378128,1.5775826,92.47164,95.92034
1291,3.3746238,1.5710427,92.48483,95.928505
1292,3.3709075,1.568531,92.49802,95.93666
1293,3.3680184,1.5678364,92.51116,95.94482
1294,3.3626418,1.5639467,92.524315,95.95296
1295,3.3574443,1.5617418,92.53744,95.96108
1296,3.3517613,1.5595917,92.55053,95.96919
1297,3.3473706,1.552901,92.563614,95.97727
1298,3.3438706,1.550576,92.57668,95.98533
1299,3.3387802,1.5495288,92.58973,95.993385
1300,3.336618,1.5467862,92.60276,96.001434
1301,3.3341074,1.5432413,92.61579,96.00945
1302,3.3311427,1.5416226,92.62882,96.01747
1303,3.3257358,1.5393376,92.641815,96.025475
1304,3.3143694,1.5372591,92.65477,96.03347
1305,3.3136349,1.5364105,92.667725,96.041466
1306,3.312684,1.5321397,92.68067,96.04942
1307,3.3070982,1.5303854,92.693596,96.05739
1308,3.3057783,1.5286548,92.70651,96.06534
1309,3.2989807,1.5263335,92.719406,96.073265
1310,3.296987,1.5239147,92.732285,96.08119
1311,3.2923954,1.5224326,92.74516,96.0891
1312,3.2873793,1.5203941,92.758,96.09701
1313,3.285075,1.5183598,92.77085,96.1049
1314,3.283355,1.514407,92.783676,96.11277
1315,3.2772229,1.511616,92.796486,96.12063
1316,3.27387,1.5108833,92.80928,96.128494
1317,3.2701583,1.5080544,92.82206,96.13634
1318,3.2658112,1.5053707,92.834816,96.144165
1319,3.263121,1.50464,92.84758,96.151985
1320,3.260229,1.5008007,92.86032,96.15979
1321,3.2575567,1.497767,92.87305,96.16757
1322,3.2550538,1.4964234,92.88577,96.175354
1323,3.249489,1.4939185,92.89847,96.18312
1324,3.248598,1.4906025,92.91116,96.19088
1325,3.243425,1.48816,92.92384,96.198616
1326,3.23712,1.4870561,92.936485,96.206345
1327,3.2353868,1.4843136,92.94914,96.214066
1328,3.2309132,1.4821055,92.96176,96.22177
1329,3.2269952,1.4799002,92.97438,96.22947
1330,3.2223346,1.4783857,92.98697,96.23716
1331,3.219718,1.4767001,92.99954,96.244835
1332,3.2166052,1.4761714,93.01212,96.25251
1333,3.2128675,1.4726843,93.02467,96.26017
1334,3.2098923,1.471485,93.037224,96.26782
1335,3.2053142,1.46927,93.04974,96.27546
1336,3.1980844,1.4664476,93.06224,96.28309
1337,3.194107,1.4662107,93.07472,96.29072
1338,3.1891677,1.4636638,93.08719,96.29832
1339,3.185999,1.4628444,93.09963,96.30593
1340,3.1832526,1.4587756,93.11208,96.313515
1341,3.1801739,1.4552331,93.1245,96.32108
1342,3.1765614,1.4532057,93.13692,96.328636
1343,3.1709344,1.4529377,93.14931,96.3362
1344,3.1660686,1.4495262,93.16168,96.343735
1345,3.1580422,1.447964,93.17403,96.35126
1346,3.1566586,1.4440768,93.18636,96.358765
1347,3.1549032,1.4427407,93.198685,96.36627
1348,3.150902,1.4420047,93.211006,96.37377
1349,3.1477678,1.4382042,93.223305,96.38125
1350,3.1444101,1.4360963,93.235596,96.38871
1351,3.1387672,1.4326298,93.247856,96.396164
1352,3.1369162,1.4319199,93.260124,96.4036
1353,3.1323872,1.4299624,93.27236,96.41104
1354,3.1278543,1.4275343,93.284584,96.418465
1355,3.1236346,1.4239,93.29679,96.42587
1356,3.119774,1.4226985,93.30898,96.433266
1357,3.1178408,1.4198296,93.32117,96.44065
1358,3.1113236,1.4189398,93.33332,96.44802
1359,3.107136,1.4166094,93.34547,96.45538
1360,3.1041756,1.4150846,93.35759,96.46275
1361,3.1005924,1.4129298,93.36971,96.47009
1362,3.0937965,1.4106499,93.38181,96.477425
1363,3.0926576,1.4092599,93.39389,96.48476
1364,3.0879085,1.4075316,93.40595,96.49208
1365,3.0870605,1.4062651,93.41803,96.4994
1366,3.081722,1.4016197,93.43007,96.50669
1367,3.0802526,1.399298,93.4421,96.51396
1368,3.0762563,1.3978919,93.45413,96.521225
1369,3.0731905,1.396668,93.46614,96.528496
1370,3.071447,1.3946863,93.47815,96.53574
1371,3.063754,1.3930657,93.49013,96.542984
1372,3.061286,1.3911723,93.50208,96.55022
1373,3.060165,1.3864648,93.514046,96.55743
1374,3.054128,1.3842145,93.525986,96.56463
1375,3.0517612,1.3819045,93.53791,96.57182
1376,3.0504205,1.3801428,93.549835,96.579
1377,3.0449212,1.3794918,93.56173,96.586174
1378,3.0429285,1.377381,93.57362,96.59334
1379,3.0357327,1.3759421,93.58549,96.60049
1380,3.03265,1.3744773,93.59734,96.607635
1381,3.031531,1.3724986,93.609184,96.61478
1382,3.0292497,1.3678977,93.621025,96.62189
1383,3.023338,1.367238,93.63284,96.629
1384,3.0170467,1.3637831,93.64463,96.636086
1385,3.0138676,1.3612124,93.65642,96.64316
1386,3.0130107,1.3600641,93.66819,96.65023
1387,3.0073385,1.3573313,93.67995,96.657295
1388,3.0045512,1.354787,93.69169,96.66434
1389,3.002102,1.3516439,93.70342,96.671364
1390,2.995151,1.3515503,93.715126,96.6784
1391,2.993482,1.3478924,93.72683,96.68541
1392,2.989578,1.3462052,93.73852,96.6924
1393,2.9888513,1.3451668,93.75019,96.6994
1394,2.9826167,1.341745,93.76185,96.706375
1395,2.9780638,1.3409295,93.7735,96.713356
1396,2.9776251,1.3396026,93.78513,96.72033
1397,2.9750788,1.335933,93.79676,96.727264
1398,2.9697802,1.333652,93.808365,96.73421
1399,2.967278,1.3335441,93.81996,96.74114
1400,2.963389,1.3299288,93.83154,96.74806
1401,2.9598935,1.3269311,93.84311,96.75496
1402,2.9580803,1.3256392,93.85467,96.761856
1403,2.9522212,1.3238536,93.86622,96.76874
1404,2.9500346,1.3213547,93.87774,96.77562
1405,2.947145,1.3209255,93.88925,96.78248
1406,2.942788,1.3171343,93.90076,96.78933
1407,2.9404101,1.3169855,93.91225,96.79617
1408,2.9340973,1.3138871,93.92371,96.80301
1409,2.9302366,1.3127888,93.935165,96.80984
1410,2.9281728,1.3094584,93.94661,96.81664
1411,2.9267166,1.308677,93.95804,96.82345
1412,2.9218018,1.3084097,93.96946,96.830246
1413,2.9184806,1.3058447,93.98086,96.83704
1414,2.9133878,1.3034931,93.992256,96.84382
1415,2.9082952,1.3028396,94.00362,96.85059
1416,2.9067688,1.3017011,94.01497,96.85736
1417,2.903982,1.2976904,94.02632,96.8641
1418,2.8950706,1.2958635,94.037636,96.870834
1419,2.8919928,1.2943938,94.04894,96.87757
1420,2.8905702,1.2923516,94.060234,96.88429
1421,2.8871074,1.2886727,94.07152,96.891
1422,2.8852816,1.2885796,94.082794,96.8977
1423,2.879005,1.2873299,94.09404,96.904396
1424,2.8774948,1.2858318,94.105286,96.91108
1425,2.875463,1.2852619,94.11652,96.917755
1426,2.8737254,1.2802761,94.12775,96.92442
1427,2.8690073,1.2779584,94.13896,96.93107
1428,2.86693,1.2770026,94.15017,96.937706
1429,2.8633008,1.2749773,94.16136,96.944336
1430,2.8599858,1.2713001,94.17254,96.95095
1431,2.8569493,1.2688805,94.1837,96.95755
1432,2.8516588,1.2672492,94.19484,96.96414
1433,2.8494337,1.266752,94.20598,96.97073
1434,2.848665,1.2656277,94.21712,96.97732
1435,2.8441248,1.2643818,94.22824,96.98389
1436,2.839045,1.2613506,94.239334,96.99045
1437,2.8374355,1.2594817,94.25043,96.997
1438,2.8337526,1.2585868,94.2615,97.00354
1439,2.8312652,1.2561882,94.27257,97.01008
1440,2.8278925,1.2522286,94.283615,97.01659
1441,2.8237014,1.2513794,94.294655,97.023094
1442,2.8223338,1.2502387,94.30569,97.029594
1443,2.818516,1.2482327,94.316696,97.03609
1444,2.815299,1.2450386,94.3277,97.04255
1445,2.805724,1.2437731,94.33867,97.04903
1446,2.803465,1.2416891,94.349625,97.05548
1447,2.8022609,1.2398642,94.36058,97.061935
1448,2.7965627,1.2373399,94.37151,97.06837
1449,2.7956018,1.2370461,94.38243,97.0748
1450,2.7900105,1.2358155,94.393326,97.08123
1451,2.786127,1.2331988,94.40421,97.08764
1452,2.7844908,1.2297335,94.41509,97.09404
1453,2.7820232,1.228736,94.42597,97.10043
1454,2.776599,1.2267658,94.43682,97.106804
1455,2.773579,1.224583,94.44766,97.113174
1456,2.7682543,1.2220091,94.45847,97.11954
1457,2.766073,1.220228,94.469284,97.12588
1458,2.7638395,1.2188983,94.48009,97.13222
1459,2.7631774,1.2169241,94.49088,97.13855
1460,2.7567298,1.2160637,94.50166,97.144875
1461,2.755412,1.2138491,94.51243,97.15118
1462,2.753093,1.2116389,94.52319,97.15748
1463,2.7470145,1.211439,94.53392,97.16377
1464,2.7444408,1.2085344,94.54465,97.17006
1465,2.7399216,1.2075725,94.55536,97.17634
1466,2.735812,1.2055795,94.56605,97.18261
1467,2.7352219,1.2022076,94.57674,97.18886
1468,2.7318115,1.2007283,94.58742,97.19511
1469,2.7293956,1.1998543,94.59808,97.20135
1470,2.7272773,1.1970633,94.608734,97.207565
1471,2.722764,1.1962306,94.61938,97.21379
1472,2.7189524,1.1933979,94.630005,97.219986
1473,2.7173185,1.1911376,94.64062,97.22618
1474,2.7146153,1.1896787,94.65122,97.232376
1475,2.7084622,1.1890823,94.66182,97.23856
1476,2.7051175,1.1863931,94.672386,97.24472
1477,2.7046945,1.1852138,94.68296,97.250885
1478,2.7005157,1.1843011,94.69351,97.25704
1479,2.698812,1.1784955,94.70406,97.26316
1480,2.690835,1.1780092,94.714584,97.269295
1481,2.6891494,1.1769114,94.7251,97.27541
1482,2.6840916,1.1749103,94.73558,97.28153
1483,2.6807668,1.1735756,94.74606,97.287636
1484,2.6785073,1.1724851,94.75653,97.29373
1485,2.6770399,1.1693343,94.767,97.29981
1486,2.6739635,1.1686225,94.77744,97.305885
1487,2.6720972,1.1670009,94.78788,97.31196
1488,2.6660912,1.1639795,94.79831,97.318016
1489,2.6654608,1.1630449,94.80872,97.32406
1490,2.663653,1.1600894,94.81914,97.33009
1491,2.658413,1.159704,94.82953,97.33612
1492,2.657437,1.1571568,94.83991,97.34213
1493,2.6556125,1.1555786,94.850296,97.34815
1494,2.6529243,1.1543286,94.860664,97.35415
1495,2.6449053,1.1517895,94.87099,97.360146
1496,2.6436224,1.1510001,94.881325,97.36613
1497,2.6394193,1.1474054,94.89165,97.37209
1498,2.6369655,1.1460812,94.90194,97.37805
1499,2.6329236,1.1445829,94.91223,97.384
1500,2.6305544,1.1419225,94.922516,97.389946
1501,2.6265259,1.1416008,94.932785,97.395874
1502,2.6237578,1.1396794,94.94304,97.40181
1503,2.6209693,1.1370218,94.95328,97.407715
1504,2.6166673,1.1349304,94.96351,97.41362
1505,2.6115997,1.1337922,94.97372,97.419525
1506,2.6094398,1.1305821,94.98391,97.4254
1507,2.6083705,1.1286743,94.994095,97.43127
1508,2.6059852,1.1269972,95.00429,97.43713
1509,2.603271,1.1252204,95.01446,97.44298
1510,2.6002772,1.1236477,95.02462,97.44882
1511,2.5963912,1.1219487,95.03476,97.45465
1512,2.594461,1.1198689,95.04491,97.46047
1513,2.592945,1.1182584,95.05504,97.46629
1514,2.5884905,1.1178894,95.06515,97.4721
1515,2.5874128,1.1153053,95.07526,97.4779
1516,2.5824926,1.1144955,95.08535,97.483696
1517,2.5802114,1.1121515,95.095436,97.48948
1518,2.5787244,1.1115434,95.10551,97.495255
1519,2.574761,1.1107541,95.11557,97.50104
1520,2.5718122,1.1101868,95.125626,97.506805
1521,2.5665565,1.1086419,95.13566,97.51257
1522,2.5612266,1.1061546,95.14567,97.518326
1523,2.557973,1.105119,95.15566,97.52407
1524,2.5556293,1.1029251,95.16564,97.529816
1525,2.5551093,1.1010016,95.17563,97.53554
1526,2.5531669,1.1007456,95.18561,97.54127
1527,2.5487604,1.0967098,95.19557,97.546974
1528,2.5461648,1.0964848,95.20552,97.55267
1529,2.542778,1.0942618,95.21546,97.558365
1530,2.5362027,1.0924181,95.22537,97.56403
1531,2.5330648,1.0897552,95.235275,97.5697
1532,2.5306058,1.0884056,95.24516,97.57536
1533,2.5253627,1.0871983,95.255035,97.581024
1534,2.5232089,1.0853969,95.2649,97.58667
1535,2.519023,1.08351,95.27475,97.59231
1536,2.5164373,1.0817949,95.28458,97.59793
1537,2.5141068,1.0811089,95.294395,97.60356
1538,2.5100486,1.0808078,95.30421,97.60918
1539,2.5085363,1.0786341,95.31401,97.614784
1540,2.506509,1.0776981,95.32381,97.620384
1541,2.5044963,1.0760689,95.33359,97.625984
1542,2.500402,1.0735393,95.34336,97.63158
1543,2.4972868,1.0706475,95.35312,97.63714
1544,2.4960237,1.0690466,95.36288,97.64269
1545,2.4942746,1.0685654,95.37263,97.64825
1546,2.4875982,1.0657735,95.382355,97.65379
1547,2.486953,1.0645531,95.39207,97.65933
1548,2.4851632,1.061944,95.40177,97.664856
1549,2.4831662,1.061774,95.411476,97.67038
1550,2.478843,1.0590256,95.42117,97.67589
1551,2.4741054,1.0584868,95.43083,97.68139
1552,2.4709263,1.0574392,95.4405,97.68688
1553,2.469612,1.0547895,95.45014,97.692375
1554,2.466664,1.0536971,95.459785,97.697845
1555,2.466008,1.0523612,95.46943,97.703316
1556,2.458598,1.0506483,95.47903,97.708786
1557,2.4569216,1.0495872,95.48863,97.71424
1558,2.4532578,1.0486748,95.498215,97.71969
1559,2.4527655,1.0454004,95.507805,97.72513
1560,2.4513345,1.0431697,95.51739,97.730545
1561,2.4449234,1.0420355,95.52695,97.73597
1562,2.4427052,1.039901,95.53649,97.74138
1563,2.4395301,1.0384504,95.54603,97.74678
1564,2.4374938,1.0376171,95.55555,97.752174
1565,2.434198,1.0363864,95.56507,97.75756
1566,2.4326205,1.0342577,95.57458,97.76295
1567,2.4313877,1.0319071,95.58408,97.76831
1568,2.4258108,1.030688,95.59356,97.773674
1569,2.4238098,1.0283844,95.603035,97.77903
1570,2.4220684,1.0273696,95.612495,97.78437
1571,2.4205768,1.0271313,95.62195,97.78971
1572,2.4167976,1.0259267,95.6314,97.795044
1573,2.4134517,1.0245584,95.64082,97.80038
1574,2.4091797,1.0221817,95.650246,97.80569
1575,2.4077668,1.02067,95.65966,97.811005
1576,2.4036741,1.0196576,95.66905,97.8163
1577,2.3992262,1.016391,95.67844,97.82159
1578,2.3985338,1.0152484,95.687805,97.82686
1579,2.395929,1.0137109,95.697174,97.83213
1580,2.392414,1.0120137,95.70652,97.8374
1581,2.3907037,1.0099666,95.715866,97.84264
1582,2.386681,1.0084082,95.7252,97.84789
1583,2.3825543,1.0083613,95.734505,97.85313
1584,2.3807006,1.0070943,95.743805,97.85837
1585,2.3780618,1.0053461,95.753105,97.8636
1586,2.3758304,1.0042981,95.76239,97.86882
1587,2.3734915,1.0028541,95.77166,97.87403
1588,2.3705754,1.0007503,95.78092,97.879234
1589,2.3636012,0.99964714,95.79017,97.88444
1590,2.3624687,0.9972895,95.7994,97.889626
1591,2.3597734,0.99429625,95.808624,97.89479
1592,2.35824,0.99299556,95.81783,97.89995
1593,2.3553622,0.9917561,95.82704,97.90511
1594,2.3509572,0.9905981,95.836235,97.91026
1595,2.3496294,0.988374,95.845406,97.915405
1596,2.3438303,0.98730457,95.854576,97.92053
1597,2.3406963,0.9852098,95.863716,97.925644
1598,2.3380346,0.98441595,95.872856,97.93077
1599,2.3368232,0.98298734,95.88198,97.935875
1600,2.3324447,0.9820826,95.8911,97.94099
1601,2.3293328,0.97955304,95.9002,97.94608
1602,2.324952,0.9768502,95.90929,97.951164
1603,2.324369,0.9756761,95.91837,97.95624
1604,2.319774,0.97511464,95.92744,97.96131
1605,2.319024,0.97490156,95.9365,97.96638
1606,2.3137434,0.97337306,95.94554,97.971436
1607,2.3128896,0.96902305,95.95458,97.97647
1608,2.310874,0.968371,95.96361,97.981514
1609,2.3091083,0.9668858,95.972626,97.986534
1610,2.3070529,0.9647511,95.98164,97.991554
1611,2.3031209,0.96300685,95.99065,97.99657
1612,2.300683,0.9606113,95.99964,98.00156
1613,2.295219,0.9601099,96.008606,98.00655
1614,2.292662,0.9585916,96.01757,98.01154
1615,2.2899718,0.9576805,96.02651,98.01652
1616,2.2869358,0.95710874,96.03545,98.02149
1617,2.2852616,0.95334244,96.04438,98.02645
1618,2.2807603,0.95232135,96.0533,98.03141
1619,2.2778518,0.95110476,96.0622,98.036354
1620,2.2754278,0.9498516,96.07109,98.04129
1621,2.2737677,0.94802153,96.07998,98.04622
1622,2.2722921,0.9474221,96.08886,98.05114
1623,2.26916,0.9463267,96.097725,98.05607
1624,2.2661123,0.9452418,96.10658,98.06098
1625,2.2636352,0.94394255,96.115425,98.06589
1626,2.26285,0.9418056,96.124275,98.070786
1627,2.2594693,0.9395462,96.13311,98.075676
1628,2.2571788,0.938137,96.14193,98.08055
1629,2.2495794,0.93681383,96.15073,98.08543
1630,2.249101,0.9364341,96.159515,98.09029
1631,2.2464666,0.93517655,96.16829,98.09515
1632,2.24567,0.93336487,96.17707,98.10001
1633,2.2415664,0.9320055,96.18584,98.10485
1634,2.2365925,0.92940104,96.19457,98.10969
1635,2.2354438,0.92909527,96.203316,98.11452
1636,2.2347262,0.9263556,96.21204,98.11934
1637,2.2337847,0.92527384,96.22078,98.12415
1638,2.2292404,0.92289615,96.22949,98.12896
1639,2.2290752,0.92127687,96.2382,98.13375
1640,2.2245288,0.92096347,96.246895,98.13854
1641,2.220138,0.91848034,96.25557,98.14332
1642,2.2177565,0.91824543,96.26424,98.14809
1643,2.216012,0.91702956,96.27289,98.15286
1644,2.213763,0.9143932,96.28155,98.157616
1645,2.209089,0.9139969,96.29018,98.16237
1646,2.2065659,0.9121278,96.298805,98.167114
1647,2.2041385,0.91091305,96.30742,98.171844
1648,2.2040257,0.9096668,96.316025,98.176575
1649,2.1973417,0.9077673,96.324615,98.181305
1650,2.196583,0.9070009,96.333206,98.18601
1651,2.1940389,0.90536016,96.341774,98.19073
1652,2.1909292,0.90444493,96.35034,98.19543
1653,2.1875343,0.90238965,96.35889,98.20012
1654,2.1842241,0.9011398,96.36743,98.2048
1655,2.1814628,0.89902335,96.375946,98.20947
1656,2.180409,0.89849615,96.38447,98.21415
1657,2.177043,0.89693195,96.39298,98.21881
1658,2.1753285,0.8947574,96.40148,98.223465
1659,2.1741443,0.8929825,96.40998,98.2281
1660,2.172306,0.89280486,96.41847,98.23275
1661,2.1697378,0.8907246,96.42695,98.23737
1662,2.1667125,0.888571,96.43541,98.242
1663,2.1648536,0.8879225,96.44387,98.24662
1664,2.1583345,0.88689893,96.4523,98.251236
1665,2.1560397,0.88559264,96.46074,98.25583
1666,2.1557398,0.88470435,96.46916,98.26043
1667,2.1550803,0.8829342,96.47758,98.26503
1668,2.1489513,0.8823325,96.48597,98.269615
1669,2.1483378,0.8803958,96.49437,98.27419
1670,2.1443594,0.87805265,96.50275,98.27877
1671,2.1420314,0.87667304,96.51112,98.283325
1672,2.1391485,0.87572557,96.519485,98.28787
1673,2.1371531,0.8735133,96.52783,98.29242
1674,2.1346722,0.8730713,96.53617,98.29696
1675,2.1322734,0.87270355,96.54451,98.30149
1676,2.1258798,0.87031823,96.55281,98.30602
1677,2.1246798,0.8680888,96.56112,98.31053
1678,2.1235442,0.8664246,96.56942,98.31505
1679,2.1182885,0.8646822,96.5777,98.31954
1680,2.117175,0.864432,96.585976,98.32404
1681,2.1131015,0.86239004,96.59424,98.32854
1682,2.1121507,0.8605278,96.602486,98.333015
1683,2.1082096,0.85930586,96.61072,98.33748
1684,2.1068056,0.8581154,96.61896,98.34194
1685,2.1031573,0.8567868,96.627174,98.3464
1686,2.1016438,0.8545131,96.63539,98.35085
1687,2.0979133,0.8540592,96.643585,98.355286
1688,2.0948505,0.85372955,96.65178,98.359726
1689,2.0938141,0.8523498,96.659966,98.36416
1690,2.091112,0.85172063,96.668144,98.36858
1691,2.0869317,0.84956837,96.6763,98.37299
1692,2.0848618,0.84907126,96.68444,98.37742
1693,2.0839088,0.84615177,96.69259,98.38182
1694,2.081792,0.8447434,96.70073,98.386215
1695,2.0778658,0.843004,96.70885,98.3906
1696,2.0749047,0.8416432,96.71696,98.39498
1697,2.0723317,0.83998245,96.72505,98.399345
1698,2.0708463,0.83921325,96.73315,98.40371
1699,2.0688088,0.83791715,96.74123,98.40807
1700,2.0677936,0.8361519,96.749306,98.412415
1701,2.0648656,0.83574355,96.75738,98.41676
1702,2.0627317,0.8352725,96.765434,98.42111
1703,2.0596611,0.8337142,96.77348,98.425446
1704,2.0573742,0.8318021,96.781525,98.42978
1705,2.0541103,0.8315763,96.78956,98.4341
1706,2.0530155,0.8292345,96.79758,98.438416
1707,2.0527298,0.8288445,96.8056,98.442726
1708,2.0479593,0.82690436,96.813614,98.44702
1709,2.044614,0.8253447,96.8216,98.45132
1710,2.041189,0.8244116,96.829575,98.455605
1711,2.038859,0.8230528,96.83755,98.45988
1712,2.0375867,0.82270604,96.84551,98.46416
1713,2.0361373,0.821063,96.85346,98.46842
1714,2.031739,0.819512,96.86141,98.47269
1715,2.0283122,0.8183657,96.86933,98.476944
1716,2.0262048,0.8180813,96.87724,98.4812
1717,2.024634,0.81617373,96.88516,98.48544
1718,2.0199227,0.8145958,96.89306,98.48968
1719,2.0184376,0.8143659,96.90094,98.49391
1720,2.015139,0.8131997,96.90881,98.49814
1721,2.0140288,0.81178725,96.91669,98.502365
1722,2.0124087,0.8090606,96.924545,98.50657
1723,2.0098846,0.80775535,96.9324,98.51078
1724,2.0071073,0.8071899,96.94025,98.51497
1725,2.0047874,0.80515397,96.94808,98.51916
1726,2.003778,0.8038699,96.95592,98.52334
1727,1.9996525,0.8017176,96.96374,98.527504
1728,1.9970104,0.8003346,96.97153,98.53167
1729,1.992609,0.79937464,96.97932,98.53582
1730,1.9908205,0.7987255,96.9871,98.53998
1731,1.9892098,0.7959979,96.994865,98.54411
1732,1.9869058,0.7958228,97.00263,98.54825
1733,1.9852397,0.7946951,97.01039,98.55238
1734,1.9826471,0.79318523,97.018135,98.55651
1735,1.9804014,0.7926702,97.02587,98.56063
1736,1.979285,0.79114544,97.0336,98.56475
1737,1.9789289,0.7893924,97.04133,98.56885
1738,1.9724101,0.78816646,97.04905,98.57295
1739,1.9714549,0.7868011,97.05675,98.57705
1740,1.9680121,0.78600174,97.06444,98.58113
1741,1.9644797,0.7851315,97.07211,98.58521
1742,1.9601628,0.782558,97.07979,98.58929
1743,1.9576024,0.78196555,97.087425,98.59335
1744,1.9560724,0.781213,97.09508,98.59741
1745,1.9536,0.78045696,97.102715,98.60148
1746,1.9495752,0.77841747,97.11033,98.60552
1747,1.9482007,0.77806365,97.11794,98.609566
1748,1.9466165,0.77605784,97.12555,98.6136
1749,1.945026,0.7754448,97.133156,98.61764
1750,1.9412788,0.774312,97.14075,98.62166
1751,1.9382071,0.7733652,97.148315,98.62568
1752,1.9364904,0.7728997,97.155876,98.6297
1753,1.9362019,0.77051926,97.16344,98.63371
1754,1.9308741,0.7696632,97.17099,98.63771
1755,1.930049,0.7688025,97.178535,98.641716
1756,1.9257915,0.7674867,97.18606,98.645706
1757,1.9251084,0.76436335,97.19358,98.64967
1758,1.9237971,0.76429117,97.2011,98.65365
1759,1.9211237,0.76218224,97.20862,98.65761
1760,1.9194971,0.76079005,97.216125,98.66157
1761,1.915763,0.7602062,97.22361,98.66552
1762,1.9151947,0.7592631,97.23109,98.66947
1763,1.9117644,0.758469,97.23856,98.673416
1764,1.9099625,0.75609666,97.24603,98.677345
1765,1.9067739,0.7557501,97.25349,98.681274
1766,1.9050269,0.75493836,97.260925,98.6852
1767,1.9034075,0.75390095,97.268364,98.689125
1768,1.901526,0.75244087,97.2758,98.69304
1769,1.894497,0.75070524,97.2832,98.69694
1770,1.8942934,0.7497715,97.29061,98.700836
1771,1.891757,0.74785393,97.298004,98.70473
1772,1.8909085,0.7475657,97.3054,98.70862
1773,1.8890097,0.7457447,97.31278,98.7125
1774,1.8853154,0.74466133,97.32014,98.71637
1775,1.8833452,0.74367946,97.32751,98.72024
1776,1.8793463,0.742889,97.33484,98.7241
1777,1.8759131,0.7420666,97.34217,98.72796
1778,1.8742402,0.7396671,97.349495,98.731804
1779,1.8707556,0.7391082,97.35682,98.73565
1780,1.8690172,0.7386431,97.36411,98.73948
1781,1.8680644,0.7358488,97.371414,98.74331
1782,1.8665563,0.7355033,97.37871,98.74714
1783,1.8652997,0.73431087,97.386,98.75096
1784,1.8599648,0.73299754,97.39327,98.75477
1785,1.8570182,0.7323289,97.40053,98.75858
1786,1.8561893,0.73052955,97.407776,98.762375
1787,1.8521775,0.7294122,97.415016,98.76617
1788,1.8514953,0.7279414,97.42225,98.76996
1789,1.8495724,0.7264496,97.429474,98.773735
1790,1.8485484,0.7255906,97.4367,98.77751
1791,1.8448472,0.72437227,97.44391,98.78128
1792,1.8412868,0.72340554,97.45111,98.785034
1793,1.8391428,0.7208121,97.4583,98.78878
1794,1.8370758,0.7202663,97.465485,98.792534
1795,1.83617,0.7187489,97.472664,98.79627
1796,1.8327724,0.7177408,97.47981,98.8
1797,1.8285084,0.7163757,97.48697,98.80373
1798,1.8243504,0.7163452,97.49409,98.80745
1799,1.8227096,0.71590793,97.50121,98.81118
1800,1.8216839,0.7146561,97.50833,98.814896
1801,1.8207619,0.71259505,97.51545,98.8186
1802,1.8195548,0.7113345,97.52256,98.8223
1803,1.8180507,0.70932966,97.52967,98.82599
1804,1.8124294,0.708517,97.53676,98.82967
1805,1.8115522,0.70767045,97.54384,98.83335
1806,1.8091695,0.7063827,97.5509,98.83703
1807,1.8045774,0.7058403,97.55796,98.84069
1808,1.8027476,0.70408213,97.565,98.84435
1809,1.7999563,0.7034816,97.57204,98.84801
1810,1.7986532,0.70236856,97.57907,98.85166
1811,1.7950646,0.7003157,97.58609,98.85531
1812,1.7932332,0.6982394,97.593094,98.85894
1813,1.7909626,0.69785696,97.6001,98.86256
1814,1.7902588,0.69684047,97.60709,98.86619
1815,1.7882829,0.6955433,97.61409,98.869804
1816,1.7873154,0.6945485,97.62106,98.87342
1817,1.7839168,0.6931058,97.628044,98.87703
1818,1.7825781,0.69200855,97.63501,98.88062
1819,1.7805728,0.6917307,97.641975,98.88422
1820,1.7792498,0.6896635,97.64892,98.8878
1821,1.7772466,0.6895768,97.65587,98.89139
1822,1.7764494,0.68819505,97.66281,98.894966
1823,1.7693628,0.6866074,97.66973,98.89854
1824,1.76811,0.68569916,97.676636,98.9021
1825,1.7653953,0.6847781,97.68353,98.90567
1826,1.7651709,0.6822063,97.69044,98.90921
1827,1.7639589,0.6811605,97.697334,98.91276
1828,1.7608511,0.6806005,97.70422,98.91629
1829,1.7592914,0.6793402,97.71109,98.91982
1830,1.7548635,0.67854697,97.71795,98.92335
1831,1.7513821,0.6776268,97.7248,98.92687
1832,1.7491417,0.67550796,97.731636,98.93039
1833,1.7442446,0.6748015,97.73845,98.93389
1834,1.7428205,0.6732707,97.745255,98.93739
1835,1.741869,0.67243284,97.75207,98.94089
1836,1.7385614,0.6696348,97.758865,98.944374
1837,1.7375352,0.6689801,97.765656,98.94785
1838,1.7359713,0.66771394,97.77244,98.95133
1839,1.7329705,0.6670265,97.779205,98.9548
1840,1.7302717,0.6653611,97.78598,98.95827
1841,1.7285149,0.6643363,97.79273,98.96172
1842,1.7267015,0.66323745,97.799484,98.96517
1843,1.7248938,0.6626681,97.80621,98.96862
1844,1.7229995,0.66154915,97.81296,98.97206
1845,1.7198763,0.6605583,97.81968,98.975494
1846,1.7171687,0.6602378,97.82638,98.97893
1847,1.7154799,0.65955883,97.833084,98.98236
1848,1.7129592,0.65828156,97.83978,98.98579
1849,1.70915,0.65694046,97.84646,98.9892
1850,1.7081269,0.6562605,97.85314,98.99261
1851,1.7058029,0.65473187,97.8598,98.99601
1852,1.7008605,0.65405285,97.86645,98.99941
1853,1.7001255,0.6533966,97.87309,99.002815
1854,1.6975019,0.6524022,97.87972,99.00621
1855,1.6962537,0.64884514,97.88635,99.00958
1856,1.693644,0.6482555,97.89297,99.01295
1857,1.688779,0.64757913,97.89957,99.01633
1858,1.6884589,0.6462635,97.906166,99.019684
1859,1.6852936,0.6460365,97.91275,99.02305
1860,1.684609,0.6444162,97.91934,99.0264
1861,1.6816149,0.6438329,97.92591,99.029755
1862,1.6803861,0.64296377,97.93247,99.0331
1863,1.6798847,0.6414057,97.93904,99.03642
1864,1.6759307,0.64002275,97.94559,99.03976
1865,1.672188,0.6390657,97.952126,99.043076
1866,1.669686,0.63780934,97.95865,99.0464
1867,1.6667153,0.6372626,97.96516,99.049706
1868,1.6665043,0.6350293,97.97167,99.05301
1869,1.662957,0.6342084,97.97817,99.05631
1870,1.6613797,0.6327516,97.98466,99.0596
1871,1.6587662,0.6320839,97.99115,99.06289
1872,1.6563082,0.63110065,97.99761,99.06618
1873,1.6552931,0.6299047,98.00409,99.06946
1874,1.6525325,0.628517,98.01055,99.07272
1875,1.6512781,0.62817585,98.017,99.076
1876,1.649328,0.6270399,98.02344,99.079254
1877,1.646572,0.62607586,98.02988,99.08251
1878,1.6440951,0.62425447,98.03631,99.08576
1879,1.6424143,0.62301034,98.042725,99.089005
1880,1.6392124,0.62188697,98.049126,99.09223
1881,1.6363765,0.62156004,98.05553,99.09547
1882,1.6344626,0.6201805,98.06191,99.098694
1883,1.6318854,0.6191299,98.06829,99.10191
1884,1.6306268,0.61729693,98.07466,99.105125
1885,1.629082,0.6163367,98.08103,99.10834
1886,1.6263883,0.61509025,98.087395,99.111534
1887,1.6242454,0.6138506,98.09374,99.11472
1888,1.6232599,0.613629,98.10008,99.11791
1889,1.6226275,0.6127422,98.10643,99.1211
1890,1.6191761,0.611438,98.112755,99.12428
1891,1.6157389,0.6099891,98.11907,99.12745
1892,1.6136647,0.60993654,98.125374,99.130615
1893,1.6105564,0.6084451,98.131676,99.13379
1894,1.6093268,0.60677415,98.137955,99.13694
1895,1.6082608,0.6060193,98.14424,99.1401
1896,1.6060066,0.6046979,98.15052,99.14324
1897,1.6054307,0.60360146,98.15679,99.14638
1898,1.6014982,0.60262626,98.16305,99.14952
1899,1.6003822,0.60150945,98.1693,99.15265
1900,1.5983763,0.6005169,98.175545,99.15577
1901,1.5952736,0.5994861,98.181786,99.15888
1902,1.5941014,0.5984279,98.18801,99.161995
1903,1.5917513,0.59774077,98.19424,99.1651
1904,1.5907567,0.59544194,98.20045,99.1682
1905,1.5868509,0.5941277,98.20664,99.17128
1906,1.5840781,0.59340805,98.21284,99.17437
1907,1.581571,0.59205,98.21901,99.17745
1908,1.5806934,0.5918397,98.22519,99.18053
1909,1.5778072,0.5899383,98.23136,99.18359
1910,1.5756283,0.5897045,98.23752,99.18666
1911,1.5714742,0.5884766,98.24366,99.18972
1912,1.5689163,0.58781356,98.24979,99.19277
1913,1.5668498,0.5861081,98.25591,99.19582
1914,1.5662724,0.5858973,98.26204,99.19887
1915,1.5647393,0.5843597,98.26814,99.201904
1916,1.5627669,0.58308625,98.274254,99.20494
1917,1.5603552,0.5821206,98.28036,99.20797
1918,1.5571487,0.58173996,98.28644,99.211
1919,1.5558068,0.58000124,98.29253,99.21402
1920,1.5536966,0.5796544,98.29859,99.21703
1921,1.5516268,0.5787645,98.30465,99.22003
1922,1.5486063,0.57804376,98.31071,99.223045
1923,1.5453367,0.57697207,98.31674,99.22604
1924,1.5447377,0.57526433,98.322784,99.22904
1925,1.5418643,0.5738264,98.328804,99.232025
1926,1.5397346,0.5737127,98.334816,99.23501
1927,1.5388591,0.5724224,98.34083,99.23798
1928,1.5362661,0.57162535,98.34684,99.24096
1929,1.5343865,0.57092726,98.35284,99.24393
1930,1.5325459,0.5705093,98.35883,99.246895
1931,1.5309594,0.5696184,98.364815,99.249855
1932,1.5292554,0.569089,98.3708,99.25281
1933,1.5258387,0.5670208,98.376755,99.25576
1934,1.5211076,0.5656859,98.382706,99.258705
1935,1.5193805,0.5645121,98.38863,99.261635
1936,1.5184071,0.5633988,98.39456,99.264565
1937,1.516124,0.5627869,98.4005,99.26749
1938,1.51468,0.5617693,98.40642,99.27042
1939,1.5114102,0.5595953,98.41233,99.27333
1940,1.5103499,0.55804425,98.41823,99.27624
1941,1.5087011,0.5575248,98.42412,99.27913
1942,1.508459,0.55727947,98.430016,99.28202
1943,1.506639,0.5568468,98.43589,99.28492
1944,1.5032815,0.5552663,98.44177,99.2878
1945,1.5018709,0.554518,98.44764,99.29069
1946,1.4987446,0.55286807,98.4535,99.293564
1947,1.494704,0.55112755,98.459335,99.296425
1948,1.4932972,0.55049115,98.46517,99.299286
1949,1.4916519,0.54986095,98.47101,99.302155
1950,1.4891372,0.5491188,98.47682,99.30501
1951,1.4871788,0.5482446,98.482635,99.30786
1952,1.4856077,0.54748917,98.48844,99.31071
1953,1.4850614,0.5460695,98.49424,99.313545
1954,1.4817554,0.5451962,98.50004,99.31638
1955,1.4788283,0.5432102,98.50581,99.31921
1956,1.4771343,0.5430529,98.51158,99.32203
1957,1.4732182,0.5406622,98.51734,99.324844
1958,1.4710667,0.5394089,98.52309,99.327644
1959,1.4701031,0.53884125,98.52884,99.33045
1960,1.468955,0.5380162,98.53458,99.333244
1961,1.4656554,0.5364179,98.5403,99.33604
1962,1.4629993,0.5361859,98.54601,99.33883
1963,1.4609208,0.5352934,98.55173,99.34161
1964,1.4569594,0.5347362,98.55742,99.3444
1965,1.4562998,0.5334535,98.56311,99.34717
1966,1.4538492,0.53213435,98.56879,99.34993
1967,1.4506788,0.5305672,98.57446,99.35269
1968,1.4483267,0.530394,98.58013,99.35545
1969,1.4459479,0.52960503,98.58578,99.35821
1970,1.4431485,0.527382,98.591415,99.36095
1971,1.4423624,0.52670366,98.59705,99.36369
1972,1.4402486,0.525873,98.60268,99.366425
1973,1.4390422,0.52470857,98.6083,99.369156
1974,1.4362986,0.52450216,98.61391,99.37189
1975,1.433377,0.5235387,98.619514,99.37461
1976,1.4321203,0.52265245,98.62511,99.377335
1977,1.4297479,0.52100116,98.63069,99.38004
1978,1.4290522,0.5203709,98.636284,99.38275
1979,1.4271019,0.51959145,98.64186,99.385445
1980,1.4250141,0.51802254,98.64744,99.38814
1981,1.4229413,0.51682013,98.653,99.39083
1982,1.4223095,0.5162481,98.65856,99.39352
1983,1.4196972,0.51527417,98.66411,99.396194
1984,1.4174596,0.5145704,98.66965,99.398865
1985,1.4160043,0.5139431,98.675186,99.401535
1986,1.4151856,0.51301813,98.68072,99.404205
1987,1.4099338,0.51161504,98.68623,99.40687
1988,1.4096395,0.5104121,98.69174,99.409515
1989,1.4067721,0.50925195,98.69724,99.41217
1990,1.4045479,0.5090521,98.70272,99.414825
1991,1.4030923,0.5082138,98.708206,99.417465
1992,1.401001,0.5070893,98.71368,99.420105
1993,1.4003536,0.50640935,98.719154,99.42274
1994,1.3979062,0.5055038,98.72462,99.42537
1995,1.3968071,0.5034219,98.73007,99.427986
1996,1.395578,0.5022241,98.735535,99.430595
1997,1.3917534,0.5019,98.740974,99.433205
1998,1.388373,0.5010434,98.74641,99.43582
1999,1.3878666,0.50051343,98.75183,99.438416
2000,1.3841074,0.49959615,98.75724,99.44102
2001,1.3828954,0.49851805,98.76264,99.4436
2002,1.3795784,0.496848,98.768036,99.44619
2003,1.3773636,0.49612597,98.77341,99.44877
2004,1.3754907,0.49535182,98.778786,99.45135
2005,1.3710763,0.4944351,98.78415,99.45392
2006,1.3706124,0.4941318,98.789505,99.45648
2007,1.3688585,0.49323276,98.79485,99.45906
2008,1.367807,0.49212694,98.8002,99.46161
2009,1.3663207,0.49125326,98.80554,99.46417
2010,1.3643177,0.4904235,98.81088,99.46672
2011,1.3605508,0.48936695,98.81619,99.46927
2012,1.3599476,0.48830098,98.82151,99.47181
2013,1.3578044,0.4881227,98.82681,99.47435
2014,1.3557799,0.48651257,98.83211,99.47688
2015,1.3533697,0.48490897,98.83741,99.47939
2016,1.3502551,0.48484603,98.842674,99.48192
2017,1.3475554,0.48404497,98.847946,99.484436
2018,1.3447825,0.48317066,98.8532,99.486946
2019,1.3428712,0.48221856,98.85845,99.489456
2020,1.339866,0.47979173,98.863686,99.49196
2021,1.3389412,0.47929576,98.86893,99.49444
2022,1.3380568,0.47823438,98.87415,99.496925
2023,1.3371533,0.47723937,98.87939,99.499405
2024,1.3346934,0.4767501,98.8846,99.501884
2025,1.3326796,0.47627848,98.88981,99.504364
2026,1.3290226,0.47416043,98.895,99.506836
2027,1.3278893,0.47345695,98.900185,99.50929
2028,1.3265673,0.4718086,98.90537,99.51175
2029,1.3259026,0.47140098,98.910545,99.51419
2030,1.3214685,0.4708612,98.91572,99.51664
2031,1.3196715,0.46943474,98.920876,99.51908
2032,1.3159834,0.46852133,98.926025,99.521515
2033,1.3152634,0.46809316,98.93116,99.52396
2034,1.3139058,0.4673634,98.936295,99.52638
2035,1.3104495,0.46660462,98.94142,99.52881
2036,1.308038,0.46576706,98.94653,99.53123
2037,1.3063164,0.46484935,98.951645,99.533646
2038,1.3043338,0.46344525,98.95674,99.53606
2039,1.3034422,0.46287596,98.96183,99.53846
2040,1.3013837,0.46208888,98.96691,99.54086
2041,1.2981414,0.46148318,98.97199,99.54326
2042,1.2967632,0.45976916,98.97705,99.54565
2043,1.2943636,0.45884478,98.98212,99.54804
2044,1.2928606,0.45820865,98.987175,99.55042
2045,1.2895508,0.45654923,98.99221,99.552795
2046,1.2873979,0.4559645,98.99724,99.55516
2047,1.2865152,0.45523462,99.00227,99.55753
2048,1.2830467,0.4547975,99.007286,99.559906
2049,1.2819488,0.45379484,99.0123,99.562256
2050,1.2787701,0.45248005,99.01729,99.56461
2051,1.2778066,0.45097634,99.02228,99.56696
2052,1.2761232,0.4502928,99.02727,99.569305
2053,1.2716047,0.44942322,99.032234,99.57164
2054,1.2695065,0.44854614,99.0372,99.573975
2055,1.2674876,0.4481251,99.04215,99.5763
2056,1.2668736,0.44641003,99.04711,99.57863
2057,1.264849,0.4458138,99.052055,99.58095
2058,1.2628368,0.44481844,99.057,99.58326
2059,1.2605292,0.4439173,99.06192,99.58556
2060,1.258719,0.44346523,99.06683,99.587875
2061,1.256514,0.44270182,99.07174,99.59017
2062,1.255507,0.44146717,99.076645,99.592476
2063,1.2521875,0.44095796,99.081535,99.59477
2064,1.2512633,0.43899232,99.08643,99.59705
2065,1.2483766,0.43846968,99.09131,99.59933
2066,1.2478033,0.43818146,99.09618,99.6016
2067,1.2438651,0.43689853,99.10105,99.603874
2068,1.24244,0.43604657,99.1059,99.60615
2069,1.2408543,0.4355698,99.110756,99.608406
2070,1.2394965,0.4328857,99.1156,99.610664
2071,1.2381557,0.4326939,99.12044,99.61292
2072,1.2355834,0.431952,99.125275,99.61516
2073,1.2332658,0.4309728,99.13009,99.61741
2074,1.2321571,0.43003356,99.1349,99.619644
2075,1.2307141,0.42934904,99.13971,99.62188
2076,1.2270651,0.4278754,99.14451,99.6241
2077,1.223726,0.42747086,99.149284,99.62632
2078,1.2231947,0.4265771,99.154076,99.62854
2079,1.2212144,0.4261294,99.158844,99.63075
2080,1.2173085,0.42553177,99.1636,99.632965
2081,1.2162174,0.42350027,99.16835,99.63517
2082,1.2148405,0.42289305,99.173096,99.637375
2083,1.2108771,0.42250794,99.17783,99.63957
2084,1.2088367,0.4219978,99.182556,99.64176
2085,1.2061031,0.42122754,99.18727,99.64396
2086,1.2059551,0.42024624,99.191986,99.64614
2087,1.2036679,0.41856682,99.196686,99.648315
2088,1.202246,0.41808072,99.20139,99.65049
2089,1.2004052,0.41611823,99.206085,99.65265
2090,1.1953163,0.41476476,99.210754,99.65481
2091,1.1949754,0.41446328,99.21542,99.65696
2092,1.1934749,0.41357112,99.22009,99.65911
2093,1.1919441,0.4123905,99.22475,99.661255
2094,1.1898258,0.41187403,99.22939,99.66339
2095,1.1867613,0.41042554,99.23403,99.665535
2096,1.1845645,0.40977338,99.238655,99.66766
2097,1.1824642,0.4088579,99.24328,99.669785
2098,1.1814574,0.40864286,99.2479,99.671906
2099,1.1796709,0.40752453,99.25251,99.67403
2100,1.1768564,0.40689895,99.25711,99.67614
2101,1.1751591,0.40663484,99.2617,99.67825
2102,1.1732765,0.4049785,99.2663,99.68036
2103,1.1727517,0.40335852,99.27087,99.68246
2104,1.1693712,0.4027083,99.275444,99.684555
2105,1.1675396,0.4014442,99.28001,99.686646
2106,1.166272,0.39999765,99.28457,99.68873
2107,1.1648287,0.39929172,99.28911,99.690796
2108,1.1618433,0.3991447,99.293655,99.69287
2109,1.1570969,0.39827853,99.29818,99.69495
2110,1.1553323,0.3960907,99.30269,99.69701
2111,1.154717,0.39565572,99.307205,99.699066
2112,1.153148,0.39462745,99.31171,99.70112
2113,1.1503965,0.39299765,99.3162,99.70316
2114,1.1457903,0.39254287,99.32069,99.7052
2115,1.1452452,0.3920215,99.32515,99.707245
2116,1.144661,0.3913047,99.32963,99.709274
2117,1.1433818,0.39013925,99.33409,99.7113
2118,1.140352,0.38923082,99.338554,99.713326
2119,1.1399943,0.38871044,99.34301,99.71535
2120,1.136219,0.3873798,99.34746,99.71736
2121,1.1344682,0.38689992,99.35188,99.71937
2122,1.1340181,0.38603428,99.35632,99.72138
2123,1.1318582,0.38466066,99.36075,99.72339
2124,1.1293656,0.38445282,99.365166,99.72538
2125,1.1280451,0.38374892,99.369576,99.72738
2126,1.1259784,0.38304228,99.37398,99.72936
2127,1.1248903,0.3824669,99.37837,99.73135
2128,1.1212608,0.38059226,99.38276,99.73334
2129,1.1200087,0.38031322,99.38712,99.73532
2130,1.1177627,0.37876996,99.391495,99.73729
2131,1.1153096,0.37836865,99.39585,99.73926
2132,1.1132073,0.37703526,99.40021,99.74122
2133,1.1106803,0.37657666,99.40455,99.74318
2134,1.1089852,0.37608647,99.40888,99.74514
2135,1.1076607,0.3756759,99.413216,99.74709
2136,1.1048547,0.37422442,99.417534,99.74904
2137,1.1029955,0.3732592,99.42185,99.75098
2138,1.1013017,0.37224945,99.42615,99.752914
2139,1.0987569,0.3710069,99.43045,99.754845
2140,1.0965701,0.37030843,99.43473,99.756775
2141,1.0949332,0.36987644,99.43902,99.7587
2142,1.0897481,0.3694856,99.443275,99.76062
2143,1.0881646,0.36783314,99.447525,99.76252
2144,1.0862942,0.36734048,99.45177,99.764435
2145,1.0856004,0.36622864,99.45601,99.76634
2146,1.0849113,0.36539516,99.46025,99.76824
2147,1.0841932,0.36430532,99.464485,99.77014
2148,1.0811002,0.3636893,99.46871,99.77203
2149,1.0778404,0.36304447,99.47293,99.773926
2150,1.0751522,0.36230838,99.47712,99.77581
2151,1.0740163,0.36144096,99.48132,99.77769
2152,1.0702496,0.3605401,99.485504,99.779564
2153,1.0695231,0.35901093,99.489685,99.78144
2154,1.0665195,0.35759616,99.49386,99.783295
2155,1.0632101,0.35623404,99.49801,99.78514
2156,1.060627,0.35581362,99.50215,99.786995
2157,1.0589535,0.35568425,99.506294,99.78884
2158,1.0562915,0.35428008,99.51042,99.79068
2159,1.0533768,0.35280767,99.514534,99.79252
2160,1.0503443,0.35260954,99.51865,99.79436
2161,1.0492735,0.35145214,99.522736,99.79619
2162,1.046583,0.35118946,99.52683,99.79801
2163,1.0439999,0.3501088,99.530914,99.799835
2164,1.0416937,0.34961113,99.53498,99.80165
2165,1.0393566,0.3490332,99.53905,99.80347
2166,1.0372533,0.34813744,99.5431,99.805275
2167,1.0367198,0.34601924,99.54716,99.807076
2168,1.0344731,0.34478632,99.5512,99.80887
2169,1.0318937,0.34383658,99.55523,99.81066
2170,1.0310426,0.34240824,99.55926,99.81244
2171,1.0283877,0.3419947,99.56328,99.81422
2172,1.0272241,0.34191495,99.56729,99.815994
2173,1.0219166,0.34078488,99.57129,99.81776
2174,1.0212361,0.3403618,99.57527,99.81953
2175,1.0197095,0.33897188,99.57926,99.82129
2176,1.0175266,0.33761042,99.58324,99.823044
2177,1.013854,0.3371351,99.587204,99.82481
2178,1.0130696,0.33561113,99.59116,99.82655
2179,1.0099885,0.33512932,99.59511,99.8283
2180,1.0070255,0.33393204,99.599045,99.83003
2181,1.0050502,0.33345005,99.60298,99.83178
2182,1.0044936,0.33264813,99.6069,99.833496
2183,1.0030091,0.3319003,99.61083,99.83523
2184,1.0012422,0.33126712,99.614746,99.83695
2185,0.9993669,0.33101305,99.61865,99.83868
2186,0.9963887,0.32865497,99.62254,99.84038
2187,0.99352115,0.32773143,99.626434,99.84209
2188,0.9923506,0.32685697,99.63031,99.84377
2189,0.98863065,0.32607943,99.63417,99.845474
2190,0.98648864,0.32515004,99.63802,99.84716
2191,0.9858698,0.3244841,99.64188,99.84885
2192,0.98222184,0.3236274,99.64572,99.85054
2193,0.98012066,0.32248136,99.64955,99.85221
2194,0.97765017,0.32150584,99.653366,99.85388
2195,0.9756086,0.32065144,99.65719,99.855545
2196,0.97369295,0.31973192,99.661,99.857216
2197,0.9725594,0.31820908,99.6648,99.85887
2198,0.96956444,0.31727302,99.66858,99.86052
2199,0.96600276,0.31617582,99.67236,99.86217
2200,0.9654407,0.3150064,99.67613,99.8638
2201,0.9594384,0.3141376,99.679886,99.86543
2202,0.95746243,0.31312034,99.683624,99.86706
2203,0.9542886,0.31245178,99.68736,99.86868
2204,0.95269203,0.31107503,99.691086,99.8703
2205,0.9499313,0.30996686,99.69479,99.87192
2206,0.9493761,0.30904365,99.6985,99.87352
2207,0.9481516,0.30774122,99.7022,99.87512
2208,0.94350016,0.30723447,99.70589,99.87672
2209,0.94279414,0.30575863,99.70958,99.87831
2210,0.93922454,0.30478516,99.71325,99.8799
2211,0.93679386,0.3045021,99.71692,99.88148
2212,0.9345302,0.30369285,99.72056,99.88306
2213,0.9331929,0.30288938,99.724205,99.88463
2214,0.92935455,0.3018483,99.72784,99.88621
2215,0.9285561,0.30136916,99.73146,99.88777
2216,0.9258282,0.30024296,99.735085,99.88933
2217,0.9229941,0.2995706,99.73869,99.890884
2218,0.9217152,0.2975317,99.7423,99.89243
2219,0.9192671,0.29706928,99.745895,99.893974
2220,0.91775453,0.29567385,99.74948,99.89551
2221,0.9153539,0.2950007,99.75307,99.89704
2222,0.9130986,0.29409167,99.75663,99.898575
2223,0.909149,0.29286438,99.760185,99.9001
2224,0.9074843,0.29250816,99.76373,99.90162
2225,0.9030106,0.29127872,99.767265,99.90314
2226,0.9018792,0.29078278,99.77079,99.904655
2227,0.9003878,0.28928888,99.77431,99.90615
2228,0.89829147,0.28923923,99.77782,99.90765
2229,0.8969942,0.28796694,99.78132,99.90915
2230,0.89138305,0.2873815,99.7848,99.91064
2231,0.8854695,0.2850714,99.78826,99.912125
2232,0.88406914,0.2837483,99.79172,99.9136
2233,0.8799783,0.2828962,99.79516,99.91507
2234,0.8785035,0.28204468,99.7986,99.916534
2235,0.87760055,0.28104275,99.802025,99.918
2236,0.8753531,0.2809792,99.80544,99.91946
2237,0.86971164,0.2793472,99.80884,99.920906
2238,0.8691316,0.27924904,99.81223,99.92236
2239,0.8662468,0.27815616,99.81563,99.923805
2240,0.862121,0.2772978,99.818985,99.92525
2241,0.85939276,0.2762378,99.82235,99.92668
2242,0.858302,0.27545172,99.8257,99.92811
2243,0.85734,0.2728823,99.82905,99.929535
2244,0.8550871,0.2723971,99.83239,99.93095
2245,0.8504073,0.27149498,99.83572,99.93236
2246,0.8469274,0.27104333,99.83903,99.93377
2247,0.8444942,0.2693943,99.84233,99.93517
2248,0.83983684,0.26821265,99.845604,99.93656
2249,0.8389036,0.26779705,99.848885,99.93795
2250,0.8362835,0.26696506,99.85216,99.93935
2251,0.8313251,0.2653893,99.85541,99.94073
2252,0.8271287,0.2653007,99.858635,99.94211
2253,0.8248404,0.26393974,99.86186,99.94348
2254,0.8207617,0.26219893,99.86507,99.94484
2255,0.819196,0.26007548,99.868256,99.94619
2256,0.8185789,0.25970346,99.87146,99.94754
2257,0.81551254,0.25890705,99.87465,99.94889
2258,0.81076497,0.25699228,99.877815,99.95023
2259,0.8091754,0.25633892,99.88098,99.95156
2260,0.8059344,0.25483865,99.884125,99.95288
2261,0.8000678,0.2536941,99.88726,99.9542
2262,0.7958465,0.25298008,99.890366,99.95552
2263,0.79198694,0.2528118,99.893456,99.95683
2264,0.7878479,0.25144243,99.89653,99.958145
2265,0.7857393,0.2487305,99.899605,99.959435
2266,0.78028834,0.24631321,99.90266,99.96072
2267,0.7782087,0.24507424,99.905685,99.96198
2268,0.77770185,0.24416572,99.90873,99.96325
2269,0.77443904,0.24302378,99.911766,99.964516
2270,0.76726717,0.24206081,99.914764,99.965775
2271,0.761762,0.24020116,99.91773,99.967026
2272,0.7580829,0.2378167,99.92069,99.968254
2273,0.7553918,0.23693472,99.92365,99.96949
2274,0.7526921,0.23490417,99.9266,99.97071
2275,0.7451971,0.23358151,99.92951,99.97193
2276,0.74198824,0.23279557,99.93241,99.97313
2277,0.7389441,0.23171467,99.935295,99.97434
2278,0.7353871,0.22984336,99.93817,99.97554
2279,0.7284256,0.22923163,99.94102,99.97673
2280,0.72629416,0.22672892,99.94386,99.97791
2281,0.7241821,0.22578542,99.94669,99.97909
2282,0.71659887,0.22416659,99.949486,99.980255
2283,0.71015334,0.22149667,99.95227,99.9814
2284,0.7014406,0.21778694,99.95501,99.98254
2285,0.69830656,0.21579349,99.95775,99.98366
2286,0.69048166,0.21465623,99.96044,99.98477
2287,0.6879891,0.20957439,99.96313,99.98586
2288,0.6819917,0.20734167,99.9658,99.98694
2289,0.66940284,0.20529595,99.968414,99.98801
2290,0.6659103,0.20396382,99.971016,99.98906
2291,0.6630661,0.20319615,99.9736,99.99012
2292,0.6442386,0.19445351,99.97612,99.991135
2293,0.6361003,0.19206527,99.978615,99.99213
2294,0.6261128,0.19055252,99.981064,99.993126
2295,0.6173858,0.1852509,99.98347,99.99409
2296,0.60570055,0.17828469,99.98585,99.99501
2297,0.5783194,0.17061381,99.9881,99.995895
2298,0.55397844,0.16737226,99.99027,99.996765
2299,0.49013495,0.13728476,99.99219,99.99748
2300,0.46317324,0.13286023,99.993996,99.99817
2301,0.42430186,0.1096835,99.99565,99.99874
2302,0.39389867,0.1044052,99.997185,99.999275
2303,0.35456944,0.09775999,99.99859,99.99979
2304,0.3409662,0.05421859,99.999916,100.00007
